Treatment,Country,Sample_ID,Richness,Chao1,ACE,Shannon,InvSimpson,pielou,CropRichness,tillage_no_times,tillage_depth_max_cm,fertilizer_min_app_no,fertilizer_min_N_amount,fertilizer_org_app_no,fertilizer_organic_N_tot_amount,fertilizer_organic_N_min_amount,herb_no_app,fung_no_app,insect_no_app,Sample_No,MI,Axis.1,Axis.2,Lat,Long,Aboveground_biomass,Grain_biomass,Phytometer.shoots,Phytometer.roots,Total,Sand,Silt,Clay,CEC,MWD,C_tot_.,C_tot_mg,N_tot_.,N_tot_mg,P_tot_mg,P_Olsen,pH,Humus_.,Organic_C_.,CaCO3_.,C_microbial,N_microbial,P_resin,P_microbial,basal_respiration,C_org_mg,mean.BD..g.cm3.,mean.ad..g.cm3.,moisture
Arable,Spain,SP2,4,7,12.57142857,1.073542846,2.285714286,0.77439747,5,2,20,2,124,0,0,0,2,1,0,2,0.493833353,0.00763424,-0.018459859,37.64241,-5.28839,NA,NA,3.24,1.46,4.7,67.46366841,20.01360976,11.85272183,8.45,NA,1.98,19800,0.054,540,157.58,5.9,5.58,0.67,0.39,0.2,163.097,17.046,4.240014925,1.975697879,0.183125,3900,1.586393319,1.505598971,0.089805825
Arable,Spain,SP3,19,19,19.26229508,2.609549583,9.908689249,0.886263767,3,2,20,2,124,0,0,0,2,1,0,3,0.493833353,0.012700588,-0.01985537,37.65983,-5.282124,NA,NA,1.93,0.93,2.86,41.04029829,27.38132917,30.48837254,26.6,NA,0.98,9800,0.095,950,101.41,1,8.2,1.09,0.63,1.5,247.447,28.05,1.390634807,0.984251869,0.7028125,6300,1.436150544,1.436150544,0.078891471
Arable,Spain,SP5,10,10.6,12.0415879,2.108554182,7.041666667,0.915733446,3,1,15,2,117.4,0,0,0,2,0,0,5,0.255943987,-0.009172956,0.018895497,37.4133,-5.584381,NA,NA,1.89,1.11,3,11.12243557,61.8576771,25.54988733,10,NA,5.2,52000,0.101,1010,465.18,4.9,8.27,1.47,0.85,29.5,540.301,72.675,2.849030621,5.195968973,0.5490625,8500,0.969984443,0.969984443,0.192267528
Arable,Spain,SP6,11,11,11.398272,0.135533537,1.040053981,0.056521875,3,1,15,2,117.4,0,0,0,3,0,0,6,0.316562082,-0.01450577,0.011948701,37.40317,-5.588811,NA,NA,1.93,1.6,3.53,11.95201488,54.28212754,32.41585759,NA,NA,4.05,40500,0.108,1080,470.78,5,8.21,1.35,0.78,28.8,502.06,64.237,2.770196688,4.049323927,0.493229167,7800,0.918647424,0.918647424,0.175333428
Arable,Spain,SP8,5,5.5,6.786666667,1.128596294,2.270440252,0.701236304,3,2,17,1,12.5,0,0,0,0,0,0,8,0.19659778,-0.016700378,-0.007582637,40.05874,-4.416166,NA,NA,1.88,0.89,2.77,74.85334517,14.50397363,9.862681203,8.06,NA,3.33,33300,0.066,660,941.29,53.51,6.45,0.78,0.45,0.6,168.661,22.704,62.28632286,3.325355435,0.1915625,4500,1.616831982,1.592055331,0.071851988
Arable,Spain,SP9,24,24.25,24.62068966,2.711420043,10.63221477,0.853169955,1,2,22,2,51.5,0,0,0,1,0,0,9,0.327360651,-0.002003415,-0.008161586,40.05793,-4.416149,NA,NA,1.75,0.89,2.64,76.27622632,12.35399882,10.80977486,11.15,NA,3.02,30200,0.064,640,900.9,70.76,6.52,0.56,0.32,0.6,187.488,24.51,61.10968581,3.018146182,0.237475,3200,1.646390405,1.646390405,0.053503856
Arable,Spain,SP11,5,5,5.461805556,1.479132807,3.930232558,0.919036886,2,2,28,2,51.5,0,0,0,1,0,0,11,0.386349545,-0.028251279,0.002178325,40.06371,-4.420127,NA,NA,1.78,1.24,3.02,31.06288632,26.70119512,41.64591856,43.05,NA,NA,NA,0.08,800,380.82,16.58,8.12,0.59,0.34,0.7,389.336,50.031,19.76116775,0,0.490416667,3400,1.544233303,1.544233303,0.091294883
Arable,Spain,SP12,9,9,9.473946672,1.239752547,2.104655359,0.5642357,1,2,28,2,51.5,0,0,0,1,0,0,12,0.386349545,-0.016745383,0.005579001,40.0639,-4.420142,NA,NA,2.33,1.24,3.57,29.80583425,25.54638087,43.90778487,43.89,NA,1.89,18900,0.08,800,278.9,23.19,7.45,0.74,0.43,0.3,424.468,48.094,26.79738488,1.894670342,0.4878125,4300,1.28553055,1.28553055,0.076988707
Arable,Spain,SP14,12,12,12.33243436,2.081945657,5.388316151,0.837836567,4,2,25,2,73.5,0,0,0,1,1,0,14,0.455196723,-0.030417861,0.013906771,41.54509,-4.464584,NA,NA,2.72,2.31,5.03,62.37025511,16.66175015,18.81799474,18.03,NA,2.84,28400,0.142,1420,336.99,27.79,8.05,2.15,1.24,5.4,643.272,94.158,20.21501207,2.842111774,0.757916667,12400,1.294442789,1.227615128,0.059870849
Arable,Spain,SP15,6,7,8.571428571,1.695742534,5,0.946411928,1,2,25,2,46.5,0,0,0,1,1,0,15,0.44066701,-0.037888219,0.01866404,41.51923,-4.463892,NA,NA,3.69,2.54,6.23,65.46841995,20.6509791,12.39060094,10.99,NA,7.86,78600,0.126,1260,506.91,11.55,8.15,1.49,0.86,26.6,582.957,91.201,5.484605326,7.862917134,0.64125,8600,1.416599007,1.379648418,0.056875533
Arable,Spain,SP17,10,10.33333333,10.86537396,1.790115512,4.235984355,0.777437289,2,2,35,2,51,0,0,0,1,0,0,17,0.454900853,-0.01134447,-0.010481656,40.52452,-3.300993,NA,NA,3.97,1.51,5.48,32.6546328,42.67641777,23.55894942,18.29,NA,3.72,37200,0.115,1150,282.79,13.06,7.21,1.11,0.65,0.3,350.791,50.675,15.43484574,3.718866215,0.336666667,6500,1.343731179,1.343731179,0.062533204
Arable,Spain,SP18,7,7.333333333,8.396825397,1.714203171,4.765765766,0.880926168,1,2,35,2,51,0,0,0,1,0,0,18,0.454900853,-0.021299855,0.003769043,40.52339,-3.30303,NA,NA,3.34,1.56,4.9,54.27900872,31.30468781,13.41630347,12.42,NA,4.03,40300,0.1,1000,360.63,9.2,8.06,1,0.58,0.4,307.556,44.877,7.907924741,4.028735188,0.441666667,5800,1.518601293,1.518601293,0.042318115
Arable,Spain,SP20,2,3,NA,0.693147181,2,1,3,2,25,2,47.8,0,0,0,1,0,0,20,0.354863989,-0.020676099,0.006903813,40.51571,-3.309145,NA,NA,1.25,0.78,2.03,42.927469,42.42305449,14.0094765,13.23,NA,1.16,11600,0.071,710,354.97,1,8.27,0.64,0.37,3.8,253.846,33.034,1.56520147,1.160163247,0.3603125,3700,1.485048398,1.481558511,0.043031381
Arable,Spain,SP21,15,16,16.58662281,2.003447128,4.617106315,0.739811665,1,2,25,2,53,0,0,0,1,0,0,21,0.357662305,-0.01564145,0.0063238,40.51566,-3.309169,NA,NA,1.85,2.43,4.28,43.29273996,40.75665357,15.21060648,13.35,NA,4.07,40700,0.083,830,372.82,1.5,8.19,0.74,0.43,3.5,304.057,41.405,2.531418706,4.0748001,0.436875,4300,1.412394441,1.412394441,0.039812979
Arable,Spain,SP23,10,13,12.59173554,2.12867911,7.511111111,0.924473591,3,2,20,0,0,1,49,18.5,0,0,0,23,0.229321052,-0.020355567,0.008592483,40.06727,-3.547293,NA,NA,2.47,1.07,3.54,32.08340078,46.40502649,20.05157273,16.54,NA,2.83,28300,0.134,1340,572.93,11.49,8.13,1.46,0.85,23.1,555.517,75.274,5.577978421,2.834214293,0.603020833,8500,1.361291699,1.361291699,0.052012748
Arable,Spain,SP24,2,2,3,0.636514168,1.8,0.918295834,2,2,25,2,150,0,0,0,1,0,0,24,0.409861647,-0.027763706,0.012881424,40.06759,-3.542605,NA,NA,3.59,1.71,5.3,45.17123673,35.24315526,18.295608,13.33,NA,NA,NA,0.111,1110,536.22,33.68,8.09,1.29,0.75,23,306.311,70.181,11.16208794,0,0.474166667,7500,1.493590607,1.430420967,0.043733466
Arable,Spain,SP26,4,4,4.6,0.837809082,1.745874587,0.604351504,4,2,35,2,71.6,0,0,0,1,0,0,26,0.465986487,-0.008907039,-9.88E-04,40.99853,-5.121391,NA,NA,2.81,1.41,4.22,46.14203612,36.57012049,16.16784339,11.39,NA,0.9,9000,0.1,1000,473.28,29.26,7.05,1.12,0.65,4.6,253.898,27.459,30.4241354,0.904431666,0.311666667,6500,1.523959934,1.523959934,0.026182083
Arable,Spain,SP27,2,3,NA,0.693147181,2,1,2,2,35,2,71.6,0,0,0,1,0,0,27,0.465986487,-0.030519154,0.010976159,40.98531,-5.125259,NA,NA,2.03,1.24,3.27,61.39929456,15.35547308,22.33523236,14.52,NA,1.91,19100,0.075,750,605.4,6.6,8.08,0.91,0.53,5,274.65,34.924,4.882449108,1.911807052,0.368854167,5300,1.46904681,1.46904681,0.037436474
Arable,Spain,SP29,12,13,12.88484745,1.258997465,2.312911527,0.506657852,4,0,0,1,64,1,70.4,35.2,2,0,0,29,0,-0.054367333,0.013723492,41.74506,1.511950509,NA,NA,3.09,1.22,4.31,25.00500792,50.0098935,22.42509858,17.52,NA,13.79,137900,0.191,1910,1077.94,11.21,7.87,2.56,1.48,29.3,589.422,56.814,7.32471359,13.79378191,0.883229167,14800,1.30771637,1.215447202,0.072072072
Arable,Spain,SP30,14,19,18.89143254,2.42162828,9.709219858,0.917611093,2,0,0,1,64,1,70.4,35.2,2,0,0,30,0,-0.026302501,0.017827974,41.74491,1.511196403,NA,NA,4.11,1.85,5.96,23.4870264,51.67708973,22.42588386,18.45,NA,8.16,81600,0.183,1830,816.61,11.42,7.86,2.41,1.4,34.2,492.25,47,7.251249364,8.155403557,0.880104167,14000,1.303990976,1.273952559,0.058823529
Arable,Spain,SP32,14,14.6,15.45383343,1.958972812,3.975460123,0.742300211,2,1,25,0,0,0,0,0,2,1,0,32,0.377584061,-0.017944004,0.012850692,41.65816571,2.329518782,NA,NA,1.84,1.17,3.01,56.59338776,25.46409711,16.52251512,14.26,NA,4.64,46400,0.117,1170,471,10.4,8.04,1.42,0.82,6.7,299.403,41.728,3.201619178,4.64059446,0.44875,8200,1.568898098,1.503666193,0.045112782
Arable,Spain,SP33,1,1,1,0,1,NA,2,1,27,0,0,2,234.5,131.25,1,0,0,33,0.320756885,-0.051575586,0.028430864,41.65832,2.319836689,NA,NA,4.7,2.72,7.42,53.49846917,24.02921888,19.99231195,16.41,NA,16.27,162700,0.187,1870,1206.21,115.58,7.98,2.48,1.44,8.9,376.329,35.415,74.47605922,16.26955307,0.82125,14400,1.533773035,1.501147726,0.03125
Arable,France,FR1,3,4,6.666666667,0.950270539,2.272727273,0.864973521,3,3,10,3,128,0,0,0,1,1,0,34,0.435730632,-0.038252406,0.003699382,43.529,1.5015,NA,NA,2.43,1.33,3.76,44.2,29.5,24.9,18.14,NA,4.83,48300,0.108,1080,430.22,31.13,7.34,1.44,0.83,0.1,248.408,38.556,10.56508957,4.826839602,0.4096625,8300,1.26537009,1.212657331,0.115555556
Arable,France,FR2,4,4,4,0.260989866,1.131932323,0.188264393,4,4,10,2,120,0,0,0,0,1,0,35,0.469485084,-0.016292536,-0.013229798,43.5346,1.4987,NA,NA,2.32,1.02,3.34,30.9,32.1,35.9,18.29,NA,5.46,54600,0.107,1070,291.96,6.04,6.68,1.13,0.66,0,223.125,35.271,0.854987411,5.458843749,0.185808333,6600,1.320157878,1.292496405,0.143820225
Arable,France,FR4,1,1,NA,0,1,NA,9,1,NA,4,253,0,0,0,2,1,0,37,NA,-0.055520381,0.022431202,43.647444,3.884251,NA,NA,2.24,0.75,2.99,34.3,43,21,16.26,NA,5.64,56400,0.125,1250,143.97,24.37,7.98,1.7,0.99,57.6,255.162,36.723,4.618812636,5.643697479,0.5052875,9900,1.212333892,1.192795321,0.095238095
Arable,France,FR5,27,27.25,27.56759942,2.426270786,5.929434825,0.736162281,8,1,NA,4,250,0,0,0,3,1,0,38,NA,-0.064425533,0.033164713,43.647151,3.88559,NA,NA,2.03,0.99,3.02,29,48.6,20.4,20.14,NA,4.81,48100,0.142,1420,74.5,12.8,7.91,1.97,1.14,62.2,265.066,35.392,2.381107824,4.808658943,0.591954167,11400,1.263343303,1.246109135,0.076759062
Arable,France,FR7,3,3,3,1.078992208,2.882352941,0.982141033,3,2,20,2,140,0,0,0,1,1,0,40,0.441825459,-0.059340483,0.03270619,43.6167,3.974,NA,NA,2.2,1.22,3.42,39.4,31.3,27.9,22.22,NA,3.07,30700,0.101,1010,443.12,18.16,8.03,1.43,0.83,35.2,182.668,21.956,6.204604924,3.065157541,0.499558333,8300,1.238631141,1.238631141,0.072805139
Arable,France,FR8,6,6.333333333,7.090909091,1.671595278,4.828571429,0.932935088,3,1,20,1,NA,0,0,0,0,0,0,41,NA,-0.053432019,0.025379791,43.615902,3.976568,NA,NA,2.11,1.17,3.28,32.3,34.9,31.3,24.09,NA,2.27,22700,0.112,1120,405.35,19.95,8.01,1.49,0.86,39.2,205.226,18.588,5.12826499,2.272885106,0.530277778,8600,1.460504425,1.460504425,0.068085106
Arable,France,FR9,11,11.33333333,12.19922948,2.176009647,7.425702811,0.907466507,4,1,20,3,182,0,0,0,0,0,0,42,0.218628894,-0.011640897,0.00560738,43.61605,3.975727,NA,NA,1.75,0.83,2.58,35.4,33.2,30,19.92,NA,3.78,37800,0.1,1000,505.77,22.07,7.97,1.41,0.82,33.8,181.175,16.483,7.828346241,3.776649345,0.5059125,8200,1.482286172,1.482286172,0.063424947
Arable,France,FR10,6,12,18.88888889,0.494646468,1.246708643,0.27606745,5,1,20,3,182,0,0,0,1,NA,0,43,NA,-0.067035763,0.034378391,43.615201,3.975673,NA,NA,1.37,0.67,2.04,21.3,42.8,34.5,22.58,NA,2.09,20900,0.094,940,348.57,18.5,8.05,1.41,0.82,42.2,218.945,19.158,6.993096723,2.091018057,0.4031,8200,1.378946504,1.378946504,0.087982833
Arable,France,FR11,4,4,4.652263374,1.120367451,2.714285714,0.808174283,3,1,20,5,282,0,0,0,0,1,0,44,0.358945248,-0.065714253,0.036709103,43.6139,3.97918,NA,NA,2.31,1.84,4.15,38,33.6,27.2,17.34,NA,2.03,20300,0.092,920,349.3,12.62,8.09,1.18,0.68,36.7,128.378,14.799,2.846097002,2.028784692,0.453620833,6800,1.236740011,1.236740011,0.063559322
Arable,France,FR13,35,35.2,35.61097104,2.415042999,4.638238296,0.679270484,4,6,15,2,124,80,0,0,0,1,0,46,0.718150342,-0.041543942,0.02167026,47.1357,5.53039,NA,NA,2.33,1.27,3.6,10.9,46.5,40.1,37.42,NA,4.02,40200,0.173,1730,416.94,11.13,7.87,2.5,1.45,0.5,349.617,34.067,1.121239115,4.022137903,0.658204167,14500,1.09875731,1.062637128,0.140077821
Arable,France,FR14,2,2,3,0.636514168,1.8,0.918295834,3,1,NA,3,186,0,0,0,2,1,1,47,NA,-0.027528991,0.010122358,47.135861,5.52108,NA,NA,1.64,1.09,2.73,10.4,52.8,34.4,30.47,NA,7.44,74400,0.155,1550,676.28,34.29,7.83,2.37,1.37,3.7,266.016,32.186,9.660121551,7.443864964,0.652579167,13700,1.179028588,1.161306883,0.119733925
Arable,France,FR15,2,2,3,0.636514168,1.8,0.918295834,4,1,22,3,204,0,0,0,6,2,0,48,0.786844653,-0.00747268,-0.032180083,47.131621,5.53161,NA,NA,2.92,2,4.92,6.8,55,36.3,25.61,NA,4.25,42500,0.13,1300,570.8,30.95,6.5,1.88,1.09,0.4,245.286,18.886,17.32522463,4.247957812,0.304,10900,1.196614982,1.196614982,0.098684211
Arable,France,FR16,11,11.75,12.6351639,2.231414694,8.181818182,0.930572206,6,2,22,3,179,0,0,0,2,2,0,49,0.629596482,-0.026680887,-0.00198333,47.133361,5.45433,NA,NA,2.03,1.35,3.38,13.3,53.2,31.9,25.66,NA,3.1,31000,0.117,1170,442.34,29.34,6.9,1.59,0.92,0.3,176.473,14.255,16.90450649,3.101796041,0.257995833,9200,1.219214485,1.219214485,0.093167702
Arable,France,FR17,11,11,11.53472222,1.274024832,2.045500506,0.531309622,5,3,22,5,119,0,0,0,3,1,0,50,0.670101372,-0.052981201,0.019791986,47.133872,5.33897,NA,NA,1.71,0.91,2.62,14.3,54.4,26.4,34.4,NA,9.89,98900,0.317,3170,873.08,21.59,7.9,4.89,2.83,52.4,487.691,76.736,1.571587723,9.893469922,0.667058333,28300,1.061725596,1.061725596,0.162895928
Arable,France,FR18,10,10.33333333,11.05333333,1.856196081,4.373650108,0.806135715,6,2,22,5,205,0,0,0,4,1,1,51,0.836123932,-0.029465619,-0.01700153,47.143577,5.35308,NA,NA,2.21,1.7,3.91,13.2,54.4,30.4,25.81,NA,1.2,12000,0.141,1410,750.85,55.21,7.1,1.99,1.15,0.4,252.577,29.472,45.0582212,1.198873986,0.4046875,11500,1.204041579,1.204041579,0.096969697
Arable,France,FR21,10,15,16.33106576,2.013869771,6.035714286,0.874612529,2,5,NA,3,136,0,0,0,4,2,0,54,NA,-0.018239144,0.005647623,47.243276,5.100211,NA,NA,1.6,0.57,2.17,11.1,55.5,32,22.37,NA,3.83,38300,0.1,1000,786.49,68.55,6.81,1.38,0.8,0.2,140.633,13.623,37.44794809,3.825485961,0.260069444,8000,1.20186957,1.255891656,0.088552916
Arable,France,FR22,2,3,NA,0.693147181,2,1,5,3,NA,3,116,0,0,0,0,2,0,55,NA,-0.027641881,-0.017732708,47.240649,5.09639,NA,NA,1.74,1.75,3.49,11.2,42.8,43.4,38.86,NA,3.1,31000,0.178,1780,698.21,40.97,7.52,2.6,1.51,0.3,288.524,23.587,15.31289378,3.102582236,0.515729167,15100,1.116585537,1.107312595,0.10840708
Arable,France,FR23,6,6,6.4,1.684372971,4.923076923,0.940066454,7,2,NA,3,156,0,0,0,1,2,0,56,NA,-0.018515669,0.001420481,47.235864,5.103856,NA,NA,2.07,1.4,3.47,11.5,43.2,42.8,35.64,NA,NA,NA,0.189,1890,1739.87,149.15,7.2,2.54,1.47,2.2,260.164,21.068,97.99125065,18.24740289,0.358,14700,1.104750042,1.087124147,0.110882957
Arable,France,FR24,3,3,3.53909465,0.943348392,2.380952381,0.858672711,4,2,NA,3,143,0,0,0,1,2,0,57,NA,-0.002198379,-0.013055848,47.232725,5.111105,NA,NA,2.25,1.09,3.34,10.9,41,45.1,36.58,NA,4,40000,0.216,2160,968.72,59.66,7.91,2.98,1.73,1.9,413.212,35.292,19.02172944,3.999825175,0.773472222,17300,1.107717325,1.082481098,0.138636364
Arable,France,FR27,1,1,1,0,1,NA,2,3,30,6,180,88.5,0,0,4,1,1,60,1,-0.033101406,0.01714374,47.38979,4.774691,NA,NA,3.27,1.36,4.63,7.2,36.3,51.6,37.66,NA,6.34,63400,0.332,3320,1213.3,39.7,7.33,4.87,2.82,2.6,612.671,78.662,12.04402583,6.342428008,1.302152778,28200,1.036439622,0.962548085,0.134529148
Arable,France,FR28,3,3,3,0.99502699,2.454545455,0.905712598,3,3,30,7,180,88.5,0,0,3,1,1,61,0.939381905,-0.029636252,0.009080154,47.389958,4.774793,NA,NA,2.85,0.59,3.44,7.2,37.7,50.4,37.55,NA,5.57,55700,0.329,3290,1162.98,45.91,7.41,4.73,2.74,3.1,578.896,46.448,21.40540732,5.565559011,1.178888889,27400,1.308575569,1.223072987,0.118568233
Arable,France,FR29,5,6,7.102014295,1.277288406,2.941176471,0.793623908,4,3,30,8,180,88.5,0,0,4,1,1,62,1,-0.013266481,-0.003258386,47.390044,4.774831,NA,NA,2.42,1.96,4.38,7.3,40,48.2,37.04,NA,11.44,114400,0.332,3320,1122.36,42.35,7.69,4.52,2.62,2.2,558.137,45.722,3.514358464,11.44034303,1.2878125,26200,1.170485905,1.118562129,0.125279642
Arable,France,FR30,2,2,NA,0.154076104,1.073972603,0.222284831,4,3,30,9,180,88.5,0,0,3,1,1,63,0.939381905,-0.027095121,-6.74E-04,47.39015,4.774936,NA,NA,2.9,1.54,4.44,4.9,39.7,51,37.17,NA,6.64,66400,0.318,3180,1047.46,42.57,7.53,4.42,2.56,1,559.732,43.571,16.00930205,6.635368232,0.944166667,25600,1.178210577,1.096041198,0.117256637
Arable,France,FR31,2,2,2,0.680629488,1.951351351,0.981940787,4,3,30,10,180,88.5,0,0,3,1,1,64,0.939381905,-0.029515099,-5.62E-04,47.390289,4.775035,NA,NA,2.79,1.68,4.47,6.5,38.8,50.3,43.62,NA,2.69,26900,0.317,3170,1107.34,41.51,7.55,4.38,2.54,1.1,563.81,45.115,16.13148539,2.686893445,0.86625,25400,1.219045102,1.167893178,0.116740088
Arable,France,FR32,5,5,5.45471097,1.47013192,3.92,0.913444321,4,3,30,11,180,88.5,0,0,3,1,1,65,0.939381905,-0.030835247,0.019436612,47.390386,4.775062,NA,NA,2.82,2,4.82,2.5,38.4,54.9,39.12,NA,5.62,56200,0.314,3140,1081.97,42.19,7.73,4.23,2.45,1.2,587.185,47.959,15.05929772,5.624927063,1.01125,24500,1.145557416,1.076550197,0.164079823
Arable,France,FR33,2,2,2,0.693147181,2,1,3,3,30,12,180,88.5,0,0,3,1,1,66,0.939381905,-0.014174464,0.004209364,47.390526,4.775187,NA,NA,2.18,1.76,3.94,13.6,35.3,46.2,37.68,NA,10.9,109000,0.353,3530,1080.58,33.97,7.5,4.87,2.82,1.4,594.112,43.872,10.83878474,10.89538704,1.147708333,28200,1.103180394,1.010184528,0.118834081
Arable,France,FR34,5,5.333333333,7.663911846,1.303875529,2.86440678,0.810143417,2,3,30,13,180,88.5,0,0,4,1,1,67,1,-0.024501881,-6.50E-04,47.390616,4.77522,NA,NA,2.85,2.16,5.01,14.3,36.4,44.2,38.04,NA,9.52,95200,0.348,3480,1084.13,39.66,7.49,5.07,2.94,1,600.663,45.425,13.61164389,9.520762423,1.460104167,29400,1.149717563,1.093422178,0.115044248
Arable,France,FR36,6,12,18.88888889,0.672830551,1.400868307,0.375513881,8,2,20,3,176,0,0,0,2,1,0,69,0.521816506,-0.017553284,-0.022450347,48.326813,2.382192,NA,NA,2.31,1.02,3.33,16,61.2,21.4,16.4,NA,21.9,219000,0.112,1120,500.54,35.27,6.55,1.36,0.79,0.2,258.095,28.818,10.59665546,21.90314426,0.246805556,7900,1.191540614,1.191540614,0.160550459
Arable,France,FR37,4,5,5.87755102,1.214889654,3,0.876357639,8,2,20,1,65,0,0,0,2,2,0,70,0.548585836,0.024097088,-0.039465556,48.327091,2.380599,NA,NA,1.32,0.69,2.01,15.3,63.1,19.8,15.09,NA,5.69,56900,0.136,1360,580.1,56.05,5.9,1.85,1.07,0.2,233.1,34.119,24.09063194,5.688442413,0.36375,10700,1.400498491,1.400498491,0.16744186
Arable,Switzerland,CH1,39,39,39.30163994,2.689559978,7.869459971,0.734138043,8,2,20,2,142,1,156,94,1,0,0,73,0.406984065,-0.107947946,0.091870396,47.16714,8.3826,20329,8515.5,3.27,1.46,4.73,31,39.5,25.6,27.96,NA,36.5,365000,0.319,3190,1050.02,22.6,7.54,3.9,2.26,1.1,1086.734,164.381,7.802705038,36.49904206,0.917473958,22600,1.17228227,1.157356048,0.301337154
Arable,Switzerland,CH3,9,9,9.293037037,1.824532211,4.746835443,0.830380394,10,3,17,0,0,1,162.5,98.75,0,0,0,75,0.341689791,-0.012618127,0.001483882,47.31341,9.4942,13897,6045,3.44,1.43,4.87,39.17,37.1,21.1,20.3,NA,31.24,312400,0.219,2190,858.32,23.42,6.54,2.63,1.53,0.1,702.672,102.328,13.31679683,31.24461536,0.775390625,15300,0.942216597,0.894944709,0.20831881
Arable,Switzerland,CH4,19,19.25,19.80228791,2.644479474,11.03156917,0.898126771,9,2,20,1,75,1,49,18.5,1,0,0,76,0.330299464,-0.051137099,0.034121662,47.19244,8.38031,NA,NA,2.92,1.39,4.31,20.35,39.1,36.7,32.87,NA,46.46,464600,0.331,3310,1427.18,91.62,7.25,3.85,2.23,0.2,881.571,129.293,47.31601734,46.46199598,0.661536458,22300,0.915180712,0.915180712,0.338231435
Arable,Switzerland,CH6,7,7,7,0.480101581,1.223924449,0.246723407,9,4,17,0,0,1,120,90,0,0,0,78,0.435658735,-0.015616209,-0.004810208,47.31384,9.4944,18706,8377,4.75,2.35,7.1,33.98,41.8,21.3,20.66,NA,17.58,175800,0.255,2550,763.79,15.58,6.56,2.92,1.69,0.1,847.923,126.956,7.369298751,17.58211371,0.801223958,16900,1.08927155,1.08927155,0.193648087
Arable,Switzerland,CH7,6,9,9.6484375,1.471883255,3.574257426,0.821473686,14,2,25,3,146,1,68.25,41.125,1,2,0,79,0.602845202,-0.07256206,0.063336537,47.26514,8.29628,NA,NA,2.36,1.26,3.62,36.13,34.3,25.8,20.62,NA,31.26,312600,0.237,2370,1000.32,36.85,7.75,3.77,2.19,7.4,1048.853,183.031,11.20247935,31.25797359,1.092057292,21900,1.036548527,0.977523294,0.183800623
Arable,Switzerland,CH9,17,19,21.19530321,1.376940675,2.227714172,0.485999643,12,3,NA,0,0,2,115,69,0,0,0,81,NA,-0.101001318,0.096078617,47.19478,8.38354,17732,7184,3.31,1.73,5.04,29.24,36.2,29.7,30.91,NA,29.72,297200,0.358,3580,675.11,31.81,7.18,4.86,2.82,0.1,1100.185,157.634,9.806269303,29.72400113,1.180494792,28200,0.938461482,0.914687671,0.269303998
Arable,Switzerland,CH10,5,6.5,9.5625,1.427061043,3.52173913,0.88668288,10,2,18,2,109,3,318,208,1,2,0,82,0.603915439,-0.07390364,0.049812157,47.27454,8.27622,18927,10128,3.58,1.46,5.04,24.55,43.5,28.3,28.92,NA,19.63,196300,0.309,3090,1713.92,69.87,7.05,3.65,2.11,0.2,836.352,137.147,37.62364292,19.6349911,0.678932292,21100,1.038383437,1.038383437,0.234260067
Arable,Switzerland,CH12,2,2,2,0.661563238,1.882352941,0.954434003,11,5,25,0,0,1,52,31.33333333,0,0,0,84,0.581417506,-0.08847483,0.061827066,47.18377,8.43757,11593,4856,3.67,1.42,5.09,13.97,34.6,45.2,49.63,NA,39.53,395300,0.479,4790,1154.24,62.68,6.96,6.23,3.61,0.3,1292.435,176.221,22.19435747,39.52767454,1.339869792,36100,0.955364682,0.955364682,0.351948052
Arable,Switzerland,CH13,4,4,4.545189504,0.984982593,2.107569721,0.710514751,11,2,20,1,90,1,95.5825,58.08475,1,0,0,85,0.359673567,-0.098614273,0.059709615,47.31641,9.307,14968,7843,3,2.38,5.38,39.94,40.7,16.1,20.69,NA,35.45,354500,0.284,2840,897.66,23.57,7.1,3.26,1.89,0.3,902.152,151.623,15.15514079,35.45211596,1.088916667,18900,1.046558249,1.007205183,0.213592233
Arable,Switzerland,CH15,4,4,4.681640625,1.149917138,2.700934579,0.829489876,16,5,5,0,0,1,195,117.5,0,0,0,87,0.431157377,-0.032907555,0.012140017,47.5,8.75,15601,6713,2.5,1.72,4.22,25.5,40.3,31.4,24.73,NA,37.66,376600,0.241,2410,1033.33,42.68,6.78,2.8,1.62,0.2,743.494,105.524,18.21719274,37.65567867,0.676354167,16200,1.106568272,1.092624035,0.152671756
Arable,Switzerland,CH16,9,9.5,10.8531821,0.508843645,1.240702806,0.231584723,9,2,27,2,63,1,279.5,169.85,1,0,0,88,0.474109308,-0.064159021,0.048863372,47.32712,9.4002,NA,NA,2.78,1.46,4.24,27.82,43.6,25.9,17.15,NA,25.48,254800,0.192,1920,967.85,37.62,6.24,2.68,1.56,0.1,523.086,76.927,19.97825398,25.48368348,0.513125,15600,0.982135925,0.951069636,0.219798264
Arable,Switzerland,CH18,3,3,3,0.733664869,1.837476099,0.667810543,9,4,15,0,0,1,272.09,141.2775,0,0,0,90,0.443590119,-0.063243369,0.046053909,47.5,8.75,14454,6823,3.48,1.76,5.24,39.89,32.2,25.4,25.05,NA,25.4,254000,0.243,2430,1151.03,39.02,7.36,2.51,1.45,0.7,704.668,109.688,20.73890396,25.39734091,0.7850625,14500,0.949742915,0.90488439,0.152542373
Arable,Switzerland,CH19,7,7,7,1.318819632,2.533534288,0.677739223,9,2,22,5,112.5,1,58.5,35.25,1,1,0,91,0.465658989,-0.133330349,0.13663528,47.18777,8.42846,14317,6071,2.66,1.61,4.27,22.76,32.9,39.7,41.79,NA,32.1,321000,0.378,3780,1390.46,35.11,7.05,4.64,2.69,0.7,1048.187,142.66,16.77839032,32.10172408,0.890895833,26900,0.84057291,0.835462414,0.281168205
Arable,Switzerland,CH21,17,17.75,18.27272727,2.34407328,7.143911439,0.827355019,14,4,18,0,0,3,279,140,0,0,0,93,0.472397095,-0.094086436,0.086993765,47.10862,8.17254,NA,NA,2.69,1.61,4.3,30.82,38.3,27.1,24.9,NA,48.83,488300,0.308,3080,1348.76,35.17,7.17,3.78,2.19,0.3,1012.306,159.395,14.34533306,48.82609812,0.801416667,21900,0.983859383,0.942556645,0.294117647
Arable,Switzerland,CH22,1,1,NA,0,1,NA,8,2,10,4,137.75,0,0,0,1,2,1,94,0.586604707,-0.143149587,0.155673018,47.5,8.75,15086,6860,4.81,2.35,7.16,39.05,30.6,27.4,21.86,NA,30.39,303900,0.24,2400,1121.33,83.13,7.79,2.95,1.71,4.5,747.684,109.525,44.72710943,30.39086517,1.1538125,17100,0.861762251,0.794827075,0.136363636
Arable,Switzerland,CH24,5,5.333333333,6.925925926,1.414279065,3.457142857,0.87874099,5,3,20,0,0,2,98,58,0,0,0,96,0.349255133,-0.110597391,0.099343184,47.1121,8.17744,NA,NA,3.14,1.49,4.63,27.79,30.3,37.3,28.69,NA,51.96,519600,0.4,4000,1139.35,13.79,7.2,4.61,2.67,0.7,1397.396,236.562,3.867594738,51.95964654,1.072770833,26700,0.94758809,0.91766798,0.309278351
Arable,Switzerland,CH25,4,4,4.545189504,0.876645232,1.840375587,0.632365865,8,2,18,2,82.5,1,68.25,41.125,1,1,1,97,0.571152775,-0.111151231,0.095278344,47.5,8.75,16019,7443,2.85,1.88,4.73,30.43,34.8,30.6,29.69,NA,45.85,458500,0.303,3030,1251.49,68.96,7.61,4.17,2.42,6.7,1080.799,167.962,36.18538631,45.84545455,1.098916667,24200,0.788554175,0.760665135,0.2
Arable,Switzerland,CH27,3,3,3,0.77308285,2.045196345,0.703690336,6,2,20,0,0,2,39,24,0,0,0,99,0.232280809,-0.049796829,0.03403417,47.22232,8.04144,14403,5759,2.76,2.13,4.89,35.38,35.7,24.6,25.9,NA,29,290000,0.261,2610,779.67,19.91,6.61,4.32,2.5,0.1,636.078,98.429,11.59273835,28.99947465,0.635791667,25000,1.015992358,1.000897407,0.20212766
Arable,Switzerland,CH28,2,2,2,0.474139313,1.423529412,0.684038436,11,2,20,2,83.25,1,48.75,29.375,2,1,0,100,0.487712038,-0.051262329,0.037097173,47.10017,8.18855,12047,6996,2.17,0.61,2.78,65.91,23.7,8.6,11.71,NA,18.17,181700,0.124,1240,802.84,30.21,7.82,1.79,1.04,9.7,496.405,96.691,12.64066753,18.17122889,0.605895833,10400,1.165832143,1.165832143,0.158415842
Arable,Switzerland,CH30,3,3,4.102040816,0.792489105,1.967479675,0.72135467,21,3,15,0,0,2,109,66,0,0,0,102,0.304402822,-0.033012827,0.018950903,47.2351,8.11843,NA,NA,3.05,2.55,5.6,35.02,41.5,21.2,15.43,NA,26.55,265500,0.2,2000,932.88,39.66,6.57,2.28,1.32,0.1,532.941,89.33,21.13548982,26.54828273,0.565833333,13200,1.169264151,1.121076809,0.132653061
Arable,Switzerland,CH31,2,2,2,0.376770161,1.28,0.543564443,5,1,10,1,85.25,2,NA,NA,1,2,0,103,NA,-0.079613444,0.064040536,47.10571,8.19356,19636,8481,4.06,2.26,6.32,33.65,36.7,24.5,26.55,NA,35.63,356300,0.412,4120,1502.26,60.37,6.7,5.15,2.99,0.3,1243.125,208.617,25.03514756,35.62929324,0.826416667,29900,1.00870649,1.00870649,0.308641975
Arable,Switzerland,CH33,3,3,3.5,1.004242473,2.578947368,0.914100892,9,6,10,0,0,2,136,106,0,0,0,105,0.572803855,-0.01577022,-4.17E-04,47.2728,8.30359,NA,NA,2.08,1.57,3.65,28.27,38.2,30.8,21.91,NA,16.32,163200,0.217,2170,731.58,17.09,7.24,2.73,1.58,0.2,498.923,78.286,10.09346658,16.32190283,0.4528125,15800,1.306935293,1.231962767,0.182795699
Arable,Switzerland,CH34,2,2,3,0.636514168,1.8,0.918295834,8,2,20,3,126.18,1,NA,NA,1,2,1,106,NA,-0.070794807,0.047847879,47.23487,8.11861,NA,NA,2.37,1,3.37,35.17,44,18.4,16.03,NA,11.93,119300,0.202,2020,903.36,46.93,6.94,2.43,1.41,0.2,395.154,50.488,33.12365248,11.93096259,0.356770833,14100,1.091699092,0.981391338,0.157303371
Arable,Switzerland,CH36,0,0,NA,0,Inf,0,11,3,17,0,0,3,117,74,0,0,0,108,0.328370887,-0.051021084,0.040975785,47.24805,8.6891,NA,NA,2.49,0.91,3.4,37.5,40.7,19.5,15.14,NA,24.94,249400,0.162,1620,473.79,10.36,7.18,2.3,1.33,0.3,468.317,78.653,6.406747562,24.94117647,0.613333333,13300,1.236765623,1.168537237,0.139784946
Arable,Switzerland,CH37,3,3,3,1.098612289,3,1,11,2,22,3,156.35,0,0,0,1,2,1,109,0.714591854,-0.089319732,0.073662715,47.23681,8.13711,19015,9485,2.71,4.01,6.72,56.32,26.4,14.7,14.88,NA,18.62,186200,0.195,1950,1144.18,63.21,7.18,2.58,1.5,0.3,485.521,77.061,41.22671721,18.62208076,0.390079167,15000,1.092148496,0.992806916,0.134831461
Arable,Switzerland,CH39,9,9,9.524351388,2.02481609,6.339130435,0.921533516,14,4,20,0,0,2,160,120,0,0,0,111,0.481297309,-0.01974664,-0.011698602,47.25465,8.1538,11359,4405,1.82,1.21,3.03,37.56,43.1,17.4,14.07,NA,15.38,153800,0.171,1710,912.68,41.68,6.72,1.94,1.13,0.2,447.927,77.721,27.00651466,15.38080495,0.43,11300,1.156593291,1.111546426,0.210526316
Arable,Switzerland,CH40,5,5,5.461805556,1.479132807,3.930232558,0.919036886,13,2,15,5,145.7,0,0,0,2,0,0,112,0.369850927,-0.006787684,0.004939468,47.23418,8.14152,17652,9305,2.74,2.32,5.06,56.17,29,12.9,13.24,NA,6.11,61100,0.164,1640,926.05,45.4,7.04,1.93,1.12,0.2,397.601,56.403,41.18693971,6.107750314,0.4375,11200,1.189524733,1.07680404,0.096774194
Arable,Switzerland,CH42,16,16.5,18.13275644,2.260839716,6.343283582,0.815425562,10,4,20,0,0,2,176,84,0,0,0,114,0.461924357,-0.062753588,0.051206861,47.2503,8.1058,NA,NA,2.78,1.09,3.87,40.53,38.4,19.1,13.07,NA,21.86,218600,0.165,1650,897.66,58.18,6.6,1.97,1.14,0.2,602.388,96.598,42.15023589,21.85757012,0.753645833,11400,1.230950086,1.207516585,0.168539326
Arable,Switzerland,CH43,14,14.125,15,1.377756998,2.33150638,0.522064065,10,2,23,0,0,2,328,246,1,0,0,115,0.441859887,0.008107261,0.003933605,47.26919,8.16119,NA,NA,2.7,1.94,4.64,39.3,39.6,18.8,15.1,NA,10.86,108600,0.187,1870,950.97,55.78,6.85,2.3,1.33,0.3,394.1,67.959,43.02626051,10.85820433,0.413229167,13300,1.022186095,0.958526279,0.245454545
Arable,Switzerland,CH45,15,16.5,18.16038026,2.277342222,7.043478261,0.840952735,5,5,15,0,0,1,100,75,0,0,0,117,0.506601355,-0.07000272,0.052975103,47.25673,8.12742,NA,NA,3.71,1.35,5.06,22.44,33.7,38.1,36.92,NA,33.86,338600,0.471,4710,1690.23,96.33,7.86,5.76,3.34,9.4,1275.747,191.136,48.28306231,33.86153846,1.2809375,33400,0.802737387,0.712585817,0.291666667
Arable,Switzerland,CH46,9,9,9,1.921603305,5.785714286,0.874559353,8,2,23,0,0,2,328,246,1,0,0,118,0.441859887,-0.062473907,0.05695495,47.27135,8.16309,17365,9337,2.65,2.34,4.99,35.96,46.7,15.3,14.21,NA,18.78,187800,0.2,2000,1012.14,39.21,6.31,2.04,1.18,0.3,477.381,74.332,23.34097926,18.77773839,0.5253125,11800,1.035959335,0.971742375,0.252747253
Arable,Switzerland,CH48,3,3,3,1.090059659,2.951219512,0.992215061,14,4,NA,0,0,2,204,164,0,0,0,120,NA,-0.064740116,0.049546212,47.23968,8.34712,16015,6535,2.9,2.46,5.36,38.88,36.2,21.7,20.7,NA,26.39,263900,0.255,2550,997.07,39.3,7.87,3.22,1.87,14.3,752.877,124.185,15.0290987,26.38611738,0.712708333,18700,1.099220516,1.071911286,0.248120301
Arable,Switzerland,CH49,2,3,NA,0.693147181,2,1,NA,NA,NA,NA,NA,NA,NA,NA,NA,NA,NA,121,NA,-0.137588461,0.173195821,47.25326,8.869,20536,8574,2.36,1.11,3.47,19.62,56,21.4,18.94,NA,13.91,139100,0.217,2170,1011.41,59.58,7.3,2.98,1.73,0.5,634.961,99.188,26.66474007,13.91061453,0.579583333,17300,1.153846656,1.121102289,0.25
Arable,Switzerland,CH51,19,19.11111111,19.77171502,2.722628192,12.10601719,0.924667895,9,4,17,0,0,2,127,76,0,0,0,123,0.42812481,-0.123691696,0.152655861,47.23526,8.35532,14651,6148,3.23,2.43,5.66,50.28,30.7,16.4,15.11,NA,21.82,218200,0.188,1880,940.08,44.36,6.76,2.62,1.52,0.5,610.818,98.21,31.18244841,21.81796299,0.677291667,15200,1.095675042,1.064303236,0.24137931
Arable,Switzerland,CH52,0,0,NA,0,Inf,0,12,2,20,2,134,1,195,117.5,1,3,0,124,0.674832994,-0.049539221,0.055693511,47.2599,8.2409,21879,11104,2.38,1.77,4.15,48.04,34,15.9,12.84,NA,16.54,165400,0.152,1520,575.83,20.35,6.46,2.06,1.19,0.1,431.721,65.143,11.45003261,16.54126045,0.341,11900,1.319697925,1.298985428,0.1953125
Arable,Switzerland,CH54,1,1,1,0,1,NA,17,2,22,0,0,2,171,106,0,0,0,126,0.296071053,-0.014022143,0.010715762,47.19723,8.45037,NA,NA,3.84,1.94,5.78,45.39,35.4,16.1,15.72,NA,31.53,315300,0.233,2330,887.53,7.1,6.12,3.11,1.8,0.1,638.089,98.788,4.947324129,31.5302391,0.542291667,18000,0.957532755,0.887232531,0.222222222
Arable,Switzerland,CH55,0,0,NA,0,Inf,0,NA,4,25,3,135,0,0,0,3,0,0,127,0.720381069,0.032045657,-0.041159548,46.3987,6.233016,NA,3407.5,1.95,1.14,3.09,18.36,50.4,29.1,16.2,NA,11.87,118700,0.172,1720,864.96,24.76,6.24,2.14,1.24,0.1,370.022,52.026,14.17757655,11.86829932,0.378,12400,1.13547752,1.125480788,0.183673469
Arable,Switzerland,CH57,1,1,1,0,1,NA,NA,3,25,4,250,0,0,0,6,0,0,129,0.865443525,-0.086674357,0.085124803,46.3987,6.233016,11350,6800,2.33,0.99,3.32,31.14,43.6,22.4,15.81,NA,12.09,120900,0.196,1960,886.36,25.7,7.4,2.86,1.66,0.6,447.914,76.318,14.15025997,12.08514803,0.496145833,16600,1.173365726,1.161799775,0.204918033
Arable,Germany,CH58,3,3,3,0.950270539,2.272727273,0.864973521,1,2,24,0,0,1,78,47,0,0,0,130,0.283983902,-0.056448271,0.040809433,48.08642,10.41639,NA,NA,2.3,1.88,4.18,10.46,48.9,35.4,33.17,NA,18.01,180100,0.378,3780,566.15,20.38,7.91,5.24,3.04,21.1,722.146,100.194,4.799088846,18.01283422,0.9409375,30400,0.998968468,0.998968468,0.235294118
Arable,Germany,CH59,1,1,NA,0,1,NA,3,4,18,0,0,2,140,84,0,0,0,131,0.442261392,0.010611187,0.012695253,48.19417,10.37494,NA,NA,3.28,1.88,5.16,58.27,15.6,22.5,21.47,NA,21.04,210400,0.287,2870,918.23,23.06,6.25,3.63,2.1,0.2,542.371,80.113,10.37366559,21.04492116,0.676979167,21000,1.140964598,1.140964598,0.231481481
Arable,Germany,CH60,4,4,4,1.354581075,3.753246753,0.9771237,15,5,20,0,0,0,0,0,0,0,0,132,0.515398451,-0.076243922,0.04681714,48.11282,10.43511,NA,NA,3.02,1.24,4.26,8,50.1,37.8,29.22,NA,13.56,135600,0.331,3310,544.19,14.96,8.06,4.1,2.38,28.5,691.646,98.154,1.631081389,13.56309175,0.812916667,23800,0.890034048,0.882552357,0.351948052
Arable,Germany,CH61,15,15.6,17.1824049,2.291158308,7.464163823,0.846054592,17,4,12,0,0,1,35.1,21.15,0,0,0,133,0.349450553,0.068273489,0.040132299,48.01373,10.4564,NA,NA,2.11,1.12,3.23,18.51,61,18.7,12.77,NA,17.39,173900,0.127,1270,768.05,38,6.12,1.79,1.04,0.3,334.464,51.476,17.91160689,17.39022484,0.387083333,10400,1.148406047,1.148406047,0.269303998
Arable,Germany,CH62,4,4,4.5,1.273028337,3.24,0.918295834,18,5,25,0,0,0,0,0,0,0,0,134,0.564555862,-0.026902784,0.00222198,48.3742,12.49634,NA,NA,2,1.08,3.08,22.6,52,23,18.1,NA,14.78,147800,0.176,1760,847.25,46.14,7.18,2.4,1.39,0.3,472.314,70.651,32.71652611,14.77865189,0.672,13900,1.150690875,1.150690875,0.113333333
Arable,Germany,CH63,29,29,29,3.098029349,16.93414044,0.920034801,10,3,28,0,0,1,50,26,0,0,0,135,0.410686591,-0.033593272,-0.012163446,48.39559,12.46736,NA,NA,1.84,1.08,2.92,11.09,53.9,33.1,20.27,NA,8.76,87600,0.143,1430,457.08,9.8,7.43,1.91,1.11,0.6,339.993,45.851,6.056682916,8.763320942,0.4678125,11100,1.200461172,1.200461172,0.126865672
Arable,Germany,CH64,23,23,23.29870631,2.729733902,11.04240052,0.870591273,7,5,22,0,0,1,25,NA,0,0,0,136,NA,-0.053796242,-0.012521609,48.38856,12.54012,NA,NA,1.82,1.03,2.85,18.34,59,20.6,15.42,NA,5.55,55500,0.142,1420,809.63,70.55,6.98,2.06,1.19,0.6,334.904,52.348,52.86574459,5.545263374,0.343125,11900,1.270759274,1.270759274,0.126865672
Arable,Germany,CH65,9,9.5,11.4,1.670715591,3.328767123,0.760375434,9,3,10,0,0,0,0,0,0,0,0,137,0.219728332,-0.016534073,-0.025239714,48.45122,12.49452,NA,NA,2.31,1.47,3.78,30.82,47.8,19.7,12.66,NA,6.28,62800,0.128,1280,659.78,89.99,6.96,1.68,0.98,0.3,298.618,42.774,47.56644341,6.278128951,0.358,9800,1.333792271,1.333792271,0.083333333
Arable,Germany,CH66,24,24,24.40587774,2.940316317,15.89026549,0.925193994,10,1,25,2,185,0,0,0,1,2,1,138,0.660826295,-0.046573893,0.018106042,48.08834,10.45663,NA,NA,2.26,1.76,4.02,34.4,37.2,26.2,20.36,NA,9.87,98700,0.164,1640,735.69,43.93,7.79,2.2,1.28,4.6,371.311,58.247,21.44980726,9.871972318,0.4925,12800,1.219799135,1.219799135,0.125
Arable,Germany,CH67,8,9,9.662337662,1.053177818,1.8375,0.506471472,16,0,28,2,135,1,80,60,1,2,0,139,0.537899834,-0.032876378,-0.012708915,48.9564,10.45672,NA,NA,2.53,1.65,4.18,34.74,38,24.6,18.87,NA,11.7,117000,0.189,1890,893.98,96.4,7.68,2.66,1.54,0.7,471.721,79.975,48.82427761,11.70183563,0.5975,15400,1.252769036,1.252769036,0.129533679
Arable,Germany,CH68,3,3.5,6,1.039720771,2.666666667,0.94639463,7,2,24,3,156.06,2,136,102,1,3,1,140,0.875491388,-0.068521566,0.016334126,48.09583,10.43752,NA,NA,3,1.65,4.65,36.58,37,23.7,17.48,NA,14.86,148600,0.2,2000,615.52,36.21,7.33,2.72,1.58,0.4,443.059,76.428,22.24727747,14.86084142,0.421875,15800,1.164559447,1.149627084,0.106796117
Arable,Germany,CH69,3,4,6.666666667,0.950270539,2.272727273,0.864973521,5,2,12,4,189,0,0,0,1,3,1,141,0.720349821,-0.071670886,-5.39E-05,48.12433,10.4672,NA,NA,2.46,1.38,3.84,31.52,43.3,23.6,15.86,NA,10.57,105700,0.143,1430,559.7,33.32,7.49,1.58,0.92,0.4,306.308,47.581,16.31568638,10.56813203,0.3675,9200,1.245780861,1.245780861,0.097560976
Arable,Germany,CH70,0,0,NA,0,Inf,0,7,2,25,1,124.8,1,100,75,1,3,1,142,0.853970977,-0.079299055,0.040288514,48.36701,12.36538,NA,NA,2.11,1.27,3.38,14.8,59.4,23.5,17.45,NA,13.37,133700,0.174,1740,684.91,28.81,7.48,2.3,1.34,0.4,455.533,69.62,14.35172876,13.37456019,0.491979167,13400,1.250801244,1.250801244,0.132743363
Arable,Germany,CH71,0,0,NA,0,Inf,0,7,1,12,2,77.28,1,56,42,2,1,0,143,0.313963837,-0.060757392,-0.006488448,48.38677,12.50414,NA,NA,1.82,0.72,2.54,14.62,58.9,24.2,17.34,NA,16.35,163500,0.165,1650,964.27,85.4,7.13,2.28,1.32,0.2,357.311,49.925,53.96664683,16.35224668,0.423541667,13200,1.254909988,1.254909988,0.112299465
Arable,Germany,CH72,17,17.14285714,18.03185165,2.540233033,9.714285714,0.896590805,4,2,33,3,173.5,1,97.5,59.25,1,2,0,144,0.706049586,-0.038765531,-0.02112791,48.38563,12.50077,NA,NA,5.22,3.4,8.62,19.3,43,32.9,36.42,NA,13.8,138000,0.378,3780,1346.22,118.02,7.02,4.8,2.78,0.3,755.373,104.398,64.32930411,13.79907834,0.572395833,27800,0.995833197,0.991426433,0.225806452
Arable,Germany,CH73,2,2,3.12,0.450561209,1.384615385,0.650022422,18,2,28,2,100,1,120,90,1,2,0,145,0.633886794,-0.02613623,-0.001623195,48.3854,12.47405,NA,NA,1.93,0.8,2.73,7.98,59.5,30.8,16.79,NA,6.85,68500,0.14,1400,573.14,28.7,8.03,1.72,1,11.2,400.456,64.41,13.16238547,6.853580612,0.542083333,10000,1.311309407,1.311309407,0.12195122
Arable,Germany,GE13,4,4,4.75462963,1.156987644,2.682539683,0.834590168,4,2,20,6,200,0,0,0,2,3,0,159,0.707737005,-0.091865236,-0.024378366,54.31162,9.98116,NA,NA,2.76,0.9,3.66,64.1,23.4,11.2,13.98,NA,5.72,57200,0.101,1010,616.3,55,7.56,1.3,0.75,0.4,244.926,42.652,29.0995789,5.719068069,0.348723958,7500,1.532692094,1.515512484,0.110350982
Arable,Germany,GE16,2,2,2,0.673011667,1.923076923,0.970950594,4,2,30,7,201,0,0,0,1,3,0,160,0.745971871,-0.063719861,-0.029750278,54.312154,9.979049,NA,NA,2.45,1.27,3.72,50.92,26.3,20.8,13,NA,10.59,105900,0.114,1140,597.18,44.55,6.9,1.98,1.15,0.2,314.047,51.563,15.55582978,10.58560343,0.412578125,11500,1.566986951,1.547311508,0.108910891
Arable,Germany,GE19,10,10.33333333,11.47788762,2.071387056,6.368421053,0.899591968,4,2,20,7,147,1,112,64,2,3,0,161,0.713656518,-0.035966447,-0.016503648,54.31663,9.998858,NA,NA,3.26,2.89,6.15,63.54,16.3,18.1,13.17,NA,3.22,32200,0.12,1200,703.5,58.76,7.23,2.06,1.19,0.2,283.58,49.263,33.731889,3.217539355,0.302890625,11900,1.567863824,1.512768523,0.130997475
Arable,Germany,GE22,12,13,14.24777668,1.664320546,3.113105925,0.669771859,4,2,20,7,187,0,0,0,1,3,0,162,0.640123122,-0.040532424,-0.009019905,54.313605,9.997345,NA,NA,3.89,3.7,7.59,65.71,17.7,14.5,12.13,NA,8.62,86200,0.116,1160,751.91,49.09,7.12,2.09,1.21,0.2,319.015,55.054,28.79573917,8.61861884,0.374661458,12100,1.47113981,1.373717292,0.097360302
Arable,Germany,GE25,2,2,3.111111111,0.562335145,1.6,0.811278124,4,2,20,7,147,1,112,64,2,3,0,163,0.713656518,-0.078510744,0.006998795,54.318436,9.990228,NA,NA,2.57,2,4.57,55.62,21.6,20.6,13.6,NA,7.91,79100,0.126,1260,568.52,29.51,7.19,2.18,1.26,0.2,292.317,51.345,17.46344418,7.911304598,0.311953125,12600,1.536072383,1.494618297,0.144741802
Arable,Germany,GE28,14,16,19.79971095,0.847626661,1.582983314,0.321185391,4,2,30,7,117,1,112,64,2,3,0,164,0.795827215,-0.066945129,0.001547393,54.315818,9.986797,NA,NA,3.17,2.79,5.96,58.03,23,17.1,12.71,NA,8.08,80800,0.11,1100,610.08,35.34,7.43,1.87,1.09,0.3,290.151,54.008,18.05611166,8.083406952,0.349348958,10900,1.434239816,1.406028608,0.133707494
Arable,Germany,GE31,10,10,10.58237037,2.034667574,6.587144623,0.8836449,4,2,30,5,240,0,0,0,2,3,0,165,0.82757733,-0.027594661,-0.032336693,54.312005,9.976471,NA,NA,2.47,2.97,5.44,52.38,27.4,18.8,12.43,NA,4.51,45100,0.099,990,621.16,37.47,7.01,1.42,0.82,0.2,208.744,31.69,23.92711937,4.514003407,0.266640625,8200,1.528238986,1.465546707,0.089188322
Arable,Germany,GE34,5,6,7.355555556,0.5812893,1.357711803,0.361175349,4,2,30,5,240,0,0,0,2,3,0,166,0.82757733,-0.060831253,-0.009359511,54.312008,9.976011,NA,NA,1.77,1.67,3.44,49.93,30.8,17.7,12.23,NA,2.68,26800,0.106,1060,660.73,41.53,7.05,1.57,0.91,0.4,200.702,34.426,27.38815159,2.683658787,0.2590625,9100,1.542880803,1.512599853,0.100719424
Arable,Germany,GE37,5,5,5,1.537932763,4.392156863,0.955571353,4,2,30,5,240,0,0,0,2,3,0,167,0.82757733,-0.051489693,-0.041764664,54.312146,9.975575,NA,NA,2.93,2.64,5.57,57.27,26,15,10.39,NA,0.05,500,0.114,1140,652.18,43.21,7.13,1.73,1,0.1,203.574,29.03,27.77758269,0.04760726,0.243125,10000,1.553500474,1.544594309,0.099727706
Arable,Germany,GE40,11,18,25.33790097,2.154783153,6.666666667,0.898614371,3,2,30,5,220,0,0,0,2,3,0,NA,NA,-0.045964871,-0.054287307,54.3127,9.998685,NA,NA,2.92,2.48,5.4,59.4,19.1,19.3,11.61,NA,7.45,74500,0.115,1150,587.01,32.85,6.89,2.2,1.27,0.3,207.2,35.326,16.49702945,7.44716781,0.228203125,12700,1.507584864,1.485831229,0.107541899
Arable,Germany,GE58,8,8,8.555555556,1.658886002,4.251572327,0.797755536,3,2,25,2,140,1,128.8,80,1,2,0,174,0.620536474,-0.027209853,-0.013936857,53.350577,13.743945,NA,NA,3.56,2.16,5.72,63.93,22.3,12.2,8.63,NA,9.85,98500,0.104,1040,347.37,10.31,7.16,1.57,0.91,0.4,282.85,43.61,4.516313415,9.85382221,0.351354167,9100,1.582547545,1.544819663,0.078351712
Arable,Germany,GE61,29,29.375,29.99517512,2.796643943,10.66518601,0.83053111,3,2,20,2,140,1,145.6,90,1,2,0,175,0.576760437,0.049835229,0.012330238,53.364539,13.721519,NA,NA,3.51,2.33,5.84,64.48,20.7,13.1,7.9,NA,6.83,68300,0.105,1050,459.26,48.6,6.93,1.72,0.99,0.3,270.48,41.5,30.94565332,6.830330748,0.419869792,9900,1.477813487,1.477813487,0.066046733
Arable,Germany,GE64,18,18.5,19.70074316,1.921670032,3.326771654,0.664852203,3,2,25,2,120,1,145.6,90,1,2,0,176,0.615155098,-0.039066965,-0.023220684,53.336125,13.645535,NA,NA,2.57,1.43,4,59.23,21.3,18.1,9.29,NA,7.28,72800,0.084,840,575.59,42.61,7.41,1.37,0.8,0.4,294.83,47.38,25.92698961,7.280264649,0.378411458,8000,1.562154328,1.562154328,0.084009994
Arable,Germany,GE67,7,10,10.52995868,1.583203304,4.186544343,0.813605554,4,2,25,3,220,0,0,0,1,2,0,177,0.620536474,-0.019514406,0.009627871,53.323387,13.778924,NA,NA,3.34,1.21,4.55,61.26,20.6,13.4,9.95,NA,9.38,93800,0.103,1030,469.65,8.4,7.92,4.74,2.75,1.7,363.99,54.91,2.372432711,9.383706753,0.418932292,27500,1.484955582,1.484955582,0.073946958
Arable,Germany,GE70,18,18,18,2.331981421,6.934931507,0.806810202,4,2,25,2,140,1,128.8,80,1,2,0,178,0.620536474,-0.051655488,0.001570486,53.343158,13.79236,NA,NA,2.96,1.92,4.88,65.99,19.9,12.6,8.88,NA,10.02,100200,0.104,1040,527.21,14.02,7.94,1.51,0.87,4.5,387.45,67.59,3.463845604,10.01926376,0.479348958,8700,1.479459311,1.474578044,0.08542024
Arable,Germany,GE73,11,14.33333333,16.85744017,2.056665401,6.352941176,0.857696091,NA,NA,NA,NA,NA,NA,NA,NA,NA,NA,NA,179,NA,-0.019276733,-0.023707868,53.372768,13.800448,NA,NA,2.8,2.38,5.18,64.81,23.2,10.8,6.91,NA,1.79,17900,0.076,760,421.92,31.79,7.39,1.19,0.69,0.2,246.69,37.49,27.09198691,1.792372304,0.287682292,6900,1.487813962,1.483833414,0.055125149
Arable,Germany,GE76,6,6,6.451555556,0.444109103,1.243832678,0.24786201,NA,NA,NA,NA,NA,NA,NA,NA,NA,NA,NA,180,NA,-0.019992628,-0.038424282,53.32177,13.793753,NA,NA,2.76,0.94,3.7,59.86,22.3,15.9,12.26,NA,11.23,112300,0.132,1320,579.73,44.78,7.42,1.94,1.13,0.2,405.1,52.29,30.72346519,11.22793264,0.378333333,11300,1.330787738,1.312134238,0.081261371
Arable,Germany,GE79,36,36.16666667,36.72303394,3.086036517,15.22859589,0.861174887,NA,NA,NA,NA,NA,NA,NA,NA,NA,NA,NA,181,NA,0.007662862,-0.0636487,53.373274,13.801252,NA,NA,2.64,1.65,4.29,66.77,15.5,16.9,6.42,NA,5.56,55600,0.064,640,423.92,36.02,6.86,0.83,0.48,0.1,221.96,38.24,17.45553315,5.558753298,0.337786458,4800,1.124741664,1.124741664,0.052336449
Arable,Germany,GE82,2,2,3,0.636514168,1.8,0.918295834,NA,NA,NA,NA,NA,NA,NA,NA,NA,NA,NA,182,NA,-9.67E-06,-0.052211205,53.372947,13.80056,NA,NA,2.66,1.97,4.63,67.38,14.3,17.5,5.59,NA,7.23,72300,0.063,630,382.92,23.42,6.91,0.82,0.48,0.1,174.97,31.66,14.32888182,7.228472715,0.2434375,4800,1.468145482,1.455789912,0.070655633
Arable,Germany,GE85,5,5,5,1.067704106,2.386576041,0.663401861,NA,NA,NA,NA,NA,NA,NA,NA,NA,NA,NA,183,NA,-0.001752077,-0.022499167,53.373097,13.800563,NA,NA,2.33,1.29,3.62,65.42,15.6,18.1,6.2,NA,NA,NA,0.051,510,401.79,31.7,6.75,0.88,0.51,0.1,147.87,25.81,16.09560414,2.86247259,0.189244792,5100,1.527482757,1.509385669,0.05193339
Arable,Sweden,SW1,0,0,NA,0,Inf,0,3,2,20,1,80,0,0,0,1,0,0,184,0.323034607,0.128218902,-0.131697565,59.832631,17.698857,NA,NA,3.14,1.45,4.59,9.3,43.3,43.9,22.74,NA,8.91,89100,0.23,2300,1005.46,27,5.58,3.52,2.04,0.4,293.18,34.676,7.979473048,8.91076141,0.329791667,20400,1.162139317,1.162139317,0.183610857
Arable,Sweden,SW2,2,3,NA,0.693147181,2,1,3,2,20,1,80,0,0,0,1,0,0,185,0.323034607,0.148875614,-0.183973869,59.832631,17.698857,NA,NA,3.6,2.65,6.25,7.7,41.6,46.9,25.95,NA,9.01,90100,0.254,2540,996.95,21,5.62,3.8,2.2,0.2,276.446,15.858,6.841324617,9.01332691,0.348819444,22000,1.195343807,1.195343807,0.167885347
Arable,Sweden,SW3,1,1,NA,0,1,NA,4,1,25,3,130,0,0,0,1,0,0,186,0.300421248,0.153692749,-0.187579643,59.832631,17.698857,NA,NA,2.09,1.67,3.76,27.2,38.5,31.6,18.64,NA,8.86,88600,0.168,1680,1237.18,74.78,6.34,2.67,1.55,0.3,243.255,37.24,38.88727966,8.862198012,0.369166667,15500,1.231721016,1.231721016,0.149690553
Arable,Sweden,SW4,6,6.5,7.911564626,1.298228188,2.777777778,0.724554947,4,1,25,3,130,0,0,0,1,0,0,187,0.300421248,0.077871805,-0.153620785,59.832631,17.698857,NA,NA,2.47,1.95,4.42,30.4,39.1,27.8,18.69,NA,5.89,58900,0.163,1630,1069.07,50.91,6.38,2.72,1.58,0.2,240.452,29.477,31.35739729,5.885096009,0.386354167,15800,1.268911889,1.268911889,0.122158137
Arable,Sweden,SW5,1,1,NA,0,1,NA,7,1,25,1,90,0,0,0,1,0,0,188,0.278895746,0.098315435,-0.168370715,59.832631,17.698857,NA,NA,3.94,2.43,6.37,23.4,42.7,31.1,22.82,NA,6.96,69600,0.183,1830,1219.78,95.63,6.68,2.8,1.62,0.2,272.421,30.868,52.49531065,6.96,0.3659375,16200,1.089817404,1.089817404,0.160012148
Arable,Sweden,SW6,7,8.5,10.79712665,1.556859091,3.797752809,0.800067306,6,1,25,1,90,0,0,0,1,0,0,189,0.278895746,0.062673207,-0.123999526,59.832631,17.698857,NA,NA,1.66,1.39,3.05,15.8,44.6,37.2,22.24,NA,6.14,61400,0.169,1690,1175.58,82.53,6.9,2.38,1.38,0.2,239.5,57.983,56.43301498,6.144363084,0.413854167,13800,1.221921172,1.221921172,0.149822332
Arable,Sweden,SW7,3,4,7.088888889,0.600166073,1.457831325,0.546294702,4,1,25,1,90,0,0,0,1,0,0,190,0.278895746,0.083562764,-0.160450424,59.832631,17.698857,NA,NA,2.66,1.87,4.53,19.5,46.8,31,23.79,NA,6.02,60200,0.178,1780,1143.15,67.99,6.62,2.72,1.58,0.2,290.606,24.74,44.33633302,6.020731527,0.388541667,15800,0.970854676,0.970854676,0.157394413
Arable,Sweden,SW8,2,2,3,0.636514168,1.8,0.918295834,7,1,25,1,90,0,0,0,1,0,0,191,0.278895746,0.085993093,-0.150927059,59.832631,17.698857,NA,NA,3.33,1.37,4.7,28.4,45.1,23.7,18.77,NA,6.78,67800,0.182,1820,1037.91,45.59,6.67,2.76,1.6,0.2,257.56,33.734,20.32133943,6.777625525,0.341354167,16000,1.277143424,1.277143424,0.160246012
Arable,Sweden,SW9,8,8.5,9.801614764,0.654901468,1.370590711,0.314941033,6,1,25,1,90,0,0,0,1,0,0,192,0.278895746,0.057444723,-0.106827942,59.832631,17.698857,NA,NA,5.47,1.65,7.12,27.3,43.8,26,23.47,NA,11.64,116400,0.187,1870,1078.09,42.03,6.67,2.9,1.68,0.1,277.841,43.322,16.2849068,11.64483981,0.503854167,16800,1.228933104,1.228933104,0.148525521
Arable,Sweden,SW10,1,1,NA,0,1,NA,4,1,25,1,90,0,0,0,1,0,0,193,0.278895746,0.090744236,-0.130430063,59.832631,17.698857,NA,NA,2.94,0.91,3.85,28.3,42,27.4,18.88,NA,2.63,26300,0.16,1600,1082.6,59.5,6.94,2.31,1.34,0.1,231.321,44.935,30.6459319,2.627932535,0.328888889,13400,1.289466577,1.289466577,0.130194762
Arable,Sweden,SW11,7,10,9.702777778,1.698796993,4.642105263,0.873008959,4,1,25,1,90,0,0,0,1,0,0,194,0.278895746,0.039972055,-0.086754746,59.832631,17.698857,NA,NA,2.84,1.91,4.75,29.2,44,24.2,19.01,NA,3.37,33700,0.164,1640,1088.07,75.16,6.85,2.61,1.51,0.1,268.328,36.165,45.78852045,3.371420167,0.356666667,15100,1.379755359,1.379755359,0.133840711
Arable,Sweden,SW12,4,7,12.57142857,1.073542846,2.285714286,0.77439747,4,1,25,1,90,0,0,0,1,0,0,195,0.278895746,0.057207987,-0.127834082,59.832631,17.698857,NA,NA,4.03,2.25,6.28,33.6,42.2,21.5,19.73,NA,5.21,52100,0.176,1760,1060.11,61.31,6.87,2.69,1.56,0.2,260.569,11.753,30.31573946,5.211045459,0.361041667,15600,1.255405719,1.255405719,0.114292151
Arable,Sweden,SW13,7,9,11,1.846220219,5.761904762,0.94876951,1,1,25,3,130,0,0,0,1,0,0,196,0.300421248,0.148725035,-0.178081486,59.832631,17.698857,NA,NA,2.81,1.19,4,30.5,45.3,21.9,19.72,NA,8.88,88800,0.147,1470,1047.29,63.9,6.54,2.27,1.31,0.1,197.391,19.298,36.63630666,8.876213754,0.262291667,13100,1.388660224,1.388660224,0.201398358
Arable,Sweden,SW15,3,3.5,6,1.039720771,2.666666667,0.94639463,3,2,20,1,80,0,0,0,1,0,0,198,0.323034607,0.200724735,-0.193947431,58.347769,13.126463,NA,NA,2.22,0.75,2.97,10.1,38.3,48.8,22.58,NA,7.48,74800,0.165,1650,620.19,14.94,6.47,2.81,1.63,0.2,306.627,37.394,3.383075302,7.476114286,0.352847222,16300,NA,NA,0.11
Arable,Sweden,SW16,7,7,7.368421053,1.847900801,5.882352941,0.949633158,3,2,20,1,80,0,0,0,1,0,0,199,0.323034607,0.131266341,-0.134789638,58.347769,13.126463,NA,NA,1.53,0.68,2.21,11.8,40.5,45.2,19.39,NA,7.04,70400,0.156,1560,546.93,14.17,6.1,2.5,1.45,0.2,276.302,36.362,1.000608974,7.03815562,0.3175,14500,NA,NA,0.06
Arable,Sweden,SW17,0,0,NA,0,Inf,0,3,2,20,1,100,0,0,0,1,0,0,200,0.333797358,0.083240263,-0.102307351,58.347769,13.126463,NA,NA,2.7,1.68,4.38,15.6,36.3,44.3,24.69,NA,18.12,181200,0.236,2360,686.24,13,5.9,3.77,2.19,0.2,461.731,54.595,3.390694841,18.11546392,0.57625,21900,NA,NA,0.15
Arable,Sweden,SW18,4,4,4.75462963,1.156987644,2.682539683,0.834590168,7,1,25,1,90,0,0,0,1,0,0,201,0.278895746,0.033247494,-0.033192763,58.347769,13.126463,NA,NA,1.72,1.17,2.89,15.9,37.7,43.2,21.81,NA,18.22,182200,0.195,1950,721.35,24,5.96,3.21,1.86,0.2,394.615,53.622,7.862713508,18.22372881,0.50875,18600,NA,NA,0.12
Arable,Sweden,SW19,2,2,3.09375,0.348832096,1.246153846,0.503258335,6,1,25,1,90,0,0,0,1,0,0,202,0.278895746,0.19703565,-0.155732582,58.347769,13.126463,NA,NA,2.58,1.56,4.14,12.5,38.9,45.4,22.51,NA,13.01,130100,0.191,1910,767.24,35.11,6.18,3.17,1.84,0.1,382.824,51.749,10.55571175,13.00636364,0.506388889,18400,NA,NA,0.14
Arable,Sweden,SW20,7,13,22.42857143,0.923252528,1.829515508,0.474457944,4,1,25,1,90,0,0,0,1,0,0,203,0.278895746,0.219958605,-0.150646551,58.347769,13.126463,NA,NA,2.39,1.35,3.74,12.2,39.9,45,20.54,NA,11.72,117200,0.166,1660,636.56,20.28,6.14,2.91,1.69,0.2,413.725,50.383,6.313450604,11.72251521,0.560208333,16900,NA,NA,0.05
Arable,Sweden,SW21,7,13,16.79591837,1.274530395,2.649006623,0.654979057,7,1,25,1,90,0,0,0,1,0,0,204,0.278895746,0.18249576,-0.194245011,58.347769,13.126463,NA,NA,1.96,1.11,3.07,12.9,39.6,44.6,20.3,NA,14.8,148000,0.171,1710,721.31,33.02,6.16,2.93,1.7,0.1,347.152,47.498,7.049469493,14.83783784,0.5625,17000,NA,NA,0.14
Arable,Sweden,SW22,3,3,4.114,0.759547391,1.753623188,0.69136983,6,1,25,1,90,0,0,0,1,0,0,205,0.278895746,0.165492298,-0.122570887,58.347769,13.126463,NA,NA,1.92,1.37,3.29,10.6,40.4,45.8,22.54,NA,12.73,127300,0.187,1870,696.07,27.08,5.95,3.22,1.87,0.1,377.498,46.617,4.233838631,12.72703088,0.378645833,18700,NA,NA,0.12
Arable,Sweden,SW23,2,2,3.111111111,0.562335145,1.6,0.811278124,4,1,25,1,90,0,0,0,1,0,0,206,0.278895746,0.172253325,-0.19061265,58.347769,13.126463,NA,NA,1.79,1.09,2.88,11.6,38.5,46.5,23.69,NA,14.27,142700,0.193,1930,766.39,22.73,5.93,3.4,1.97,0.1,407.23,49.367,2.705125664,14.27478261,0.494930556,19700,NA,NA,0.14
Arable,Sweden,SW24,17,20.33333333,21.67717853,2.502864319,10.0321489,0.883401289,4,1,25,1,90,0,0,0,1,0,0,207,0.278895746,0.228533072,-0.228533445,58.347769,13.126463,NA,NA,1.58,0.52,2.1,8.7,41.2,47.2,NA,NA,11.29,112900,0.165,1650,755.48,28.9,6.25,2.95,1.71,0.1,346.003,41.191,7.507425202,11.29333333,0.529166667,17100,NA,NA,0.12
Arable,Sweden,SW25,2,2,2,0.077260287,1.030143903,0.111463032,4,1,25,1,90,0,0,0,1,0,0,208,0.278895746,0.205251815,-0.196414118,58.347769,13.126463,NA,NA,1.66,0.69,2.35,14.4,40.6,42.6,20.04,NA,13.39,133900,0.156,1560,744.52,36.6,6.42,2.37,1.38,0.1,387.171,47.712,12.20762002,13.39372197,0.41625,13800,NA,NA,0.14
Arable,Sweden,SW26,17,19.5,22.39701329,2.148501445,5.433711188,0.758326742,5,2,25,4,80,0,0,0,1,1,0,209,0.458694618,0.101018336,-0.127132856,58.347769,13.126463,NA,NA,2.46,1.26,3.72,9.7,41,46.2,24.73,NA,13.5,135000,0.182,1820,589.22,17.09,6.76,3.14,1.82,0.2,350.455,49.808,2.192090563,13.49561254,0.39625,18200,NA,NA,0.13
Arable,Sweden,SW28,22,22.5,22.59883424,1.979093227,3.419586095,0.640267242,4,NA,NA,NA,NA,NA,NA,NA,NA,NA,NA,211,NA,-0.042134107,-0.033208268,55.66917,13.1027,NA,NA,3.13,1.84,4.97,56.9,18.8,21.9,16.98,NA,11.44,114400,0.17,1700,494.96,23.56,6.31,2.43,1.41,0.1,295.015,45.389,3.170421752,11.43636941,0.323888889,14100,1.472316294,1.462217963,0.138686131
Arable,Sweden,SW29,0,0,NA,0,Inf,0,2,2,20,1,80,0,0,0,1,0,0,212,0.323034607,0.346831288,0.235465171,55.66917,13.1027,NA,NA,1.92,2.17,4.09,51.8,21.6,24.8,16.53,NA,6.52,65200,0.114,1140,491.76,22.07,6.38,1.79,1.04,0.2,170.299,25.65,5.307566045,6.517449408,0.179375,10400,1.553985631,1.521251219,0.137037037
Arable,Sweden,SW31,1,1,NA,0,1,NA,8,2,20,3,80,0,0,0,1,0,0,214,0.323034607,0.454787481,0.438463289,63.81083,20.24199,NA,NA,2.27,2.22,4.49,20.2,59,16.4,15.35,NA,5.79,57900,0.187,1870,1112.51,38.53,5.4,4.4,2.55,0.2,212.643,29.335,1.179876811,5.788372093,0.349270833,25500,1.059127453,1.059127453,0.31
Arable,Sweden,SW32,3,3,3.6,1.011404265,2.571428571,0.920619836,3,2,20,3,80,0,0,0,1,0,0,215,0.323034607,0.486892167,0.433655155,63.81083,20.24199,NA,NA,2.84,2.14,4.98,31,55.3,9.7,14.26,NA,4.76,47600,0.168,1680,1151.38,46.87,5.78,3.99,2.31,0.2,241.478,38.256,5.940258836,4.756363636,0.378125,23100,1.149594117,1.149594117,0.29
Arable,Sweden,SW33,3,3,3.75,1.054920168,2.777777778,0.960229718,2,2,20,3,80,0,0,0,1,0,0,216,0.323034607,0.47154429,0.450151635,63.81083,20.24199,NA,NA,2.48,2.26,4.74,31.3,55.3,9.4,14.6,NA,5.76,57600,0.164,1640,1238.01,47.88,5.91,4.01,2.32,0.2,185.252,26.151,4.173563069,5.76178273,0.2775,23200,1.15046145,1.15046145,0.28
Arable,Sweden,SW34,10,10.75,12.74352941,1.770014233,4.249557522,0.768707414,1,2,20,3,80,0,0,0,1,0,0,217,0.323034607,0.216409785,0.130679909,63.81083,20.24199,NA,NA,1.67,1.27,2.94,32.7,54.3,9.2,14.98,NA,8.04,80400,0.176,1760,1315.21,51.92,5.59,3.82,2.21,0.1,230.156,31.18,2.015247606,8.042236025,0.406944444,22100,1.092331787,1.092331787,0.3