Sample_No,Sample_ID,Country,Region,Treatment,Plot_ID,Lat,Long,Year,Month,Day,Crop in 2017,Aboveground_biomass,Grain_biomass,Phytometer shoots,Phytometer roots,Total,Sand,Silt,Clay,CEC,MWD,C_tot_%,C_tot_mg,N_tot_%,N_tot_mg,P_tot_mg,P_Olsen,pH,Humus_%,Organic_C_%,CaCO3_%,C_microbial,N_microbial,P_resin,P_microbial,basal_respiration,C_org_mg,mean BD (g/cm3),mean ad (g/cm3),moisture
1,SP1,Spain,Andaluc¨ªa,Grassland,Guzman,37.64356,-5.282249,,,,,,,1.77,1.17,2.94,70.16335082,16.88428047,12.17236872,7.63,,4.63,46300,0.041,410,100.53,6.9,7.23,0.78,0.45,0.3,149.213,24.672,6.429702466,4.631995237,0.122,4500,1.798017955,1.798017955,0.09300908
2,SP2,Spain,Andaluc¨ªa,High ,Guzman,37.64241,-5.28839,,,,,,,3.24,1.46,4.7,67.46366841,20.01360976,11.85272183,8.45,,1.98,19800,0.054,540,157.58,5.9,5.58,0.67,0.39,0.2,163.097,17.046,4.240014925,1.975697879,0.183125,3900,1.586393319,1.505598971,0.089805825
3,SP3,Spain,Andaluc¨ªa,Low,Guzman,37.65983,-5.282124,,,,,,,1.93,0.93,2.86,41.04029829,27.38132917,30.48837254,26.6,,0.98,9800,0.095,950,101.41,1,8.2,1.09,0.63,1.5,247.447,28.05,1.390634807,0.984251869,0.7028125,6300,1.436150544,1.436150544,0.078891471
4,SP4,Spain,Andaluc¨ªa,Grassland,IFAPA - El Tomejil,37.41256,-5.582707,,,,,,,1.46,0.76,2.22,16.5403468,52.05344351,29.88620968,29.76,,5.71,57100,0.104,1040,581.86,12.36,8.3,1.52,0.88,31.2,584.133,76.853,4.438470762,5.714866041,0.704166667,8800,0.889138825,0.889138825,0.175134792
5,SP5,Spain,Andaluc¨ªa,High,IFAPA - El Tomejil,37.4133,-5.584381,,,,,,,1.89,1.11,3,11.12243557,61.8576771,25.54988733,10,,5.2,52000,0.101,1010,465.18,4.9,8.27,1.47,0.85,29.5,540.301,72.675,2.849030621,5.195968973,0.5490625,8500,0.969984443,0.969984443,0.192267528
6,SP6,Spain,Andaluc¨ªa,Low,IFAPA - El Tomejil,37.40317,-5.588811,,,,,,,1.93,1.6,3.53,11.95201488,54.28212754,32.41585759,,,4.05,40500,0.108,1080,470.78,5,8.21,1.35,0.78,28.8,502.06,64.237,2.770196688,4.049323927,0.493229167,7800,0.918647424,0.918647424,0.175333428
7,SP7,Spain,Castilla-La Mancha,Grassland,La Higueruela 1,40.05545,-4.432289,,,,,,,1.89,1.28,3.17,69.59654528,12.52113379,17.09232092,10.89,,2.13,21300,0.07,700,117.69,10.66,6.25,0.79,0.46,0.4,205.106,24.765,8.58336304,2.126544483,0.342995833,4600,1.41657576,1.41657576,0.030723091
8,SP8,Spain,Castilla-La Mancha,High ,La Higueruela 1,40.05874,-4.416166,,,,,,,1.88,0.89,2.77,74.85334517,14.50397363,9.862681203,8.06,,3.33,33300,0.066,660,941.29,53.51,6.45,0.78,0.45,0.6,168.661,22.704,62.28632286,3.325355435,0.1915625,4500,1.616831982,1.592055331,0.071851988
9,SP9,Spain,Castilla-La Mancha,Low ,La Higueruela 1,40.05793,-4.416149,,,,,,,1.75,0.89,2.64,76.27622632,12.35399882,10.80977486,11.15,,3.02,30200,0.064,640,900.9,70.76,6.52,0.56,0.32,0.6,187.488,24.51,61.10968581,3.018146182,0.237475,3200,1.646390405,1.646390405,0.053503856
10,SP10,Spain,Castilla-La Mancha,Grassland,La Higueruela 2,40.07019,-4.423826,,,,,,,1.05,0.64,1.69,17.08112379,27.34563904,54.49323717,46.95,,7.2,72000,0.126,1260,341.66,1,8.11,1.08,0.63,9.4,446.724,33.105,0.916890931,7.198233111,0.7446875,6300,0.913615582,0.913615582,0.164892635
11,SP11,Spain,Castilla-La Mancha,High ,La Higueruela 2,40.06371,-4.420127,,,,,,,1.78,1.24,3.02,31.06288632,26.70119512,41.64591856,43.05,,,,0.08,800,380.82,16.58,8.12,0.59,0.34,0.7,389.336,50.031,19.76116775,0,0.490416667,3400,1.544233303,1.544233303,0.091294883
12,SP12,Spain,Castilla-La Mancha,Low ,La Higueruela 2,40.0639,-4.420142,,,,,,,2.33,1.24,3.57,29.80583425,25.54638087,43.90778487,43.89,,1.89,18900,0.08,800,278.9,23.19,7.45,0.74,0.43,0.3,424.468,48.094,26.79738488,1.894670342,0.4878125,4300,1.28553055,1.28553055,0.076988707
13,SP13,Spain,Castilla-Le¨®n,Grassland,Montemayor de Pililla,41.54515,-4.464057,,,,,,,,,,53.86488584,17.14395903,25.52115513,27.59,,6.66,66600,0.184,1840,154.45,1.6,7.63,3.47,2.01,4.4,758.261,93.604,1.343340368,6.663347511,1.23375,20100,,,0.064002518
14,SP14,Spain,Castilla-Le¨®n,High ,Montemayor de Pililla,41.54509,-4.464584,,,,,,,2.72,2.31,5.03,62.37025511,16.66175015,18.81799474,18.03,,2.84,28400,0.142,1420,336.99,27.79,8.05,2.15,1.24,5.4,643.272,94.158,20.21501207,2.842111774,0.757916667,12400,1.294442789,1.227615128,0.059870849
15,SP15,Spain,Castilla-Le¨®n,Low ,Montemayor de Pililla,41.51923,-4.463892,,,,,,,3.69,2.54,6.23,65.46841995,20.6509791,12.39060094,10.99,,7.86,78600,0.126,1260,506.91,11.55,8.15,1.49,0.86,26.6,582.957,91.201,5.484605326,7.862917134,0.64125,8600,1.416599007,1.379648418,0.056875533
16,SP16,Spain,Madrid,Grassland,Imidra,40.52675,-3.298759,,,,,,,2.84,1.67,4.51,29.69906156,25.43123562,42.77970282,19.37,,7.58,75800,0.167,1670,290.72,8.7,7.32,2.09,1.21,5.8,608.673,91.91,8.132521273,7.57720424,1.0296875,12100,1.293282882,1.293282882,0.08539921
17,SP17,Spain,Madrid,High ,Imidra,40.52452,-3.300993,,,,,,,3.97,1.51,5.48,32.6546328,42.67641777,23.55894942,18.29,,3.72,37200,0.115,1150,282.79,13.06,7.21,1.11,0.65,0.3,350.791,50.675,15.43484574,3.718866215,0.336666667,6500,1.343731179,1.343731179,0.062533204
18,SP18,Spain,Madrid,Low ,Imidra,40.52339,-3.30303,,,,,,,3.34,1.56,4.9,54.27900872,31.30468781,13.41630347,12.42,,4.03,40300,0.1,1000,360.63,9.2,8.06,1,0.58,0.4,307.556,44.877,7.907924741,4.028735188,0.441666667,5800,1.518601293,1.518601293,0.042318115
19,SP19,Spain,Madrid,Grassland,La canaleja,40.51563,-3.309015,,,,,,,1.72,0.77,2.49,41.78535923,42.29251152,14.82212925,11.09,,2.37,23700,0.084,840,434.15,1,8.14,1.1,0.64,13.3,390.486,54.966,2.051168067,2.370010556,0.51,6400,1.281569968,1.272889828,0.034031048
20,SP20,Spain,Madrid,High ,La canaleja,40.51571,-3.309145,,,,,,,1.25,0.78,2.03,42.927469,42.42305449,14.0094765,13.23,,1.16,11600,0.071,710,354.97,1,8.27,0.64,0.37,3.8,253.846,33.034,1.56520147,1.160163247,0.3603125,3700,1.485048398,1.481558511,0.043031381
21,SP21,Spain,Madrid,Low ,La canaleja,40.51566,-3.309169,,,,,,,1.85,2.43,4.28,43.29273996,40.75665357,15.21060648,13.35,,4.07,40700,0.083,830,372.82,1.5,8.19,0.74,0.43,3.5,304.057,41.405,2.531418706,4.0748001,0.436875,4300,1.412394441,1.412394441,0.039812979
22,SP22,Spain,Madrid,Grassland,La Chimenea,40.06453,-3.550226,,,,,,,4.23,1.72,5.95,51.97098679,29.49619979,16.23281341,18.33,,7.46,74600,0.17,1700,608.92,49,8.2,2.3,1.33,18.3,561.116,102.803,22.58067324,7.455725691,1.0734375,13300,1.31610475,1.28191455,0.036811854
23,SP23,Spain,Madrid,High ,La Chimenea,40.06727,-3.547293,,,,,,,2.47,1.07,3.54,32.08340078,46.40502649,20.05157273,16.54,,2.83,28300,0.134,1340,572.93,11.49,8.13,1.46,0.85,23.1,555.517,75.274,5.577978421,2.834214293,0.603020833,8500,1.361291699,1.361291699,0.052012748
24,SP24,Spain,Madrid,Low ,La Chimenea,40.06759,-3.542605,,,,,,,3.59,1.71,5.3,45.17123673,35.24315526,18.295608,13.33,,,,0.111,1110,536.22,33.68,8.09,1.29,0.75,23,306.311,70.181,11.16208794,0,0.474166667,7500,1.493590607,1.430420967,0.043733466
25,SP25,Spain,Castilla-Le¨®n,Grassland,Ragama,40.98719,-5.125842,,,,,,,1.66,1.07,2.73,70.6417234,16.77753172,11.57074488,7.21,,0.16,1600,0.088,880,234.85,42.42,6.62,1.01,0.59,5.8,256.323,33.517,33.9385636,0.164474205,0.506770833,5900,1.731096485,1.731096485,0.016215624
26,SP26,Spain,Castilla-Le¨®n,High ,Ragama,40.99853,-5.121391,,,,,,,2.81,1.41,4.22,46.14203612,36.57012049,16.16784339,11.39,,0.9,9000,0.1,1000,473.28,29.26,7.05,1.12,0.65,4.6,253.898,27.459,30.4241354,0.904431666,0.311666667,6500,1.523959934,1.523959934,0.026182083
27,SP27,Spain,Castilla-Le¨®n,Low ,Ragama,40.98531,-5.125259,,,,,,,2.03,1.24,3.27,61.39929456,15.35547308,22.33523236,14.52,,1.91,19100,0.075,750,605.4,6.6,8.08,0.91,0.53,5,274.65,34.924,4.882449108,1.911807052,0.368854167,5300,1.46904681,1.46904681,0.037436474
28,SP28,Spain,Catalu?a,Grassland,Calaf,41.74503,1.511542359,,,,,,,4.89,1.56,6.45,26.68894466,47.52396968,20.56708566,18.11,,15.88,158800,0.339,3390,862.48,52.6,7.55,5.22,3.02,30.9,546.108,85.054,24.25855504,15.87787852,1.612083333,30200,1.31447131,1.240500312,0.066115702
29,SP29,Spain,Catalu?a,High ,Calaf,41.74506,1.511950509,,,,,,,3.09,1.22,4.31,25.00500792,50.0098935,22.42509858,17.52,,13.79,137900,0.191,1910,1077.94,11.21,7.87,2.56,1.48,29.3,589.422,56.814,7.32471359,13.79378191,0.883229167,14800,1.30771637,1.215447202,0.072072072
30,SP30,Spain,Catalu?a,Low ,Calaf,41.74491,1.511196403,,,,,,,4.11,1.85,5.96,23.4870264,51.67708973,22.42588386,18.45,,8.16,81600,0.183,1830,816.61,11.42,7.86,2.41,1.4,34.2,492.25,47,7.251249364,8.155403557,0.880104167,14000,1.303990976,1.273952559,0.058823529
31,SP31,Spain,Catalu?a,Grassland,Vall¨¦s,41.65835252,2.319920379,,,,,,,3.4,2.12,5.52,71.42155766,16.47058686,9.607855483,12.82,,8.89,88900,0.18,1800,704.79,26.27,7.85,2.5,1.45,7.7,604.145,91.123,12.90356087,8.888813846,0.735729167,14500,1.352968804,1.321585299,0.038834951
32,SP32,Spain,Catalu?a,High ,Vall¨¦s,41.65816571,2.329518782,,,,,,,1.84,1.17,3.01,56.59338776,25.46409711,16.52251512,14.26,,4.64,46400,0.117,1170,471,10.4,8.04,1.42,0.82,6.7,299.403,41.728,3.201619178,4.64059446,0.44875,8200,1.568898098,1.503666193,0.045112782
33,SP33,Spain,Catalu?a,Low ,Vall¨¦s,41.65832,2.319836689,,,,,,,4.7,2.72,7.42,53.49846917,24.02921888,19.99231195,16.41,,16.27,162700,0.187,1870,1206.21,115.58,7.98,2.48,1.44,8.9,376.329,35.415,74.47605922,16.26955307,0.82125,14400,1.533773035,1.501147726,0.03125
34,FR1,France,Auzeville,High,ZS,43.529,1.5015,,,,,,,2.43,1.33,3.76,44.2,29.5,24.9,18.14,,4.83,48300,0.108,1080,430.22,31.13,7.34,1.44,0.83,0.1,248.408,38.556,10.56508957,4.826839602,0.4096625,8300,1.26537009,1.212657331,0.115555556
35,FR2,France,Auzeville,Low,LA5,43.5346,1.4987,,,,,,,2.32,1.02,3.34,30.9,32.1,35.9,18.29,,5.46,54600,0.107,1070,291.96,6.04,6.68,1.13,0.66,0,223.125,35.271,0.854987411,5.458843749,0.185808333,6600,1.320157878,1.292496405,0.143820225
36,FR3,France,Auzeville,Grassland,BE,43.5346,1.4986,,,,,,,2.03,0.99,3.02,35.6,37.1,25.4,19.77,,16.86,168600,0.152,1520,397.1,12.96,6.84,1.94,1.13,0.1,483.596,79.948,2.52153496,16.85757959,0.5909125,11300,1.527338466,1.527338466,0.133182844
37,FR4,France,Auzeville,High,Pommier Nord,43.647444,3.884251,,,,,,,2.24,0.75,2.99,34.3,43,21,16.26,,5.64,56400,0.125,1250,143.97,24.37,7.98,1.7,0.99,57.6,255.162,36.723,4.618812636,5.643697479,0.5052875,9900,1.212333892,1.192795321,0.095238095
38,FR5,France,Auzeville,Low ,Martinet,43.647151,3.88559,,,,,,,2.03,0.99,3.02,29,48.6,20.4,20.14,,4.81,48100,0.142,1420,74.5,12.8,7.91,1.97,1.14,62.2,265.066,35.392,2.381107824,4.808658943,0.591954167,11400,1.263343303,1.246109135,0.076759062
39,FR6,France,Auzeville,Grassland,BE,43.6483,3.8829,,,,,,,2.14,1.12,3.26,69,11.8,16.4,13.52,,6.03,60300,0.151,1510,0.43,21.91,7.8,2.77,1.6,90.8,376.714,70.045,13.84899775,6.032355556,0.955079167,16000,1.084126031,1.062953058,0.108888889
40,FR7,France,Maugio,High,MA9,43.6167,3.974,,,,,,,2.2,1.22,3.42,39.4,31.3,27.9,22.22,,3.07,30700,0.101,1010,443.12,18.16,8.03,1.43,0.83,35.2,182.668,21.956,6.204604924,3.065157541,0.499558333,8300,1.238631141,1.238631141,0.072805139
41,FR8,France,Maugio,High,MA7B2,43.615902,3.976568,,,,,,,2.11,1.17,3.28,32.3,34.9,31.3,24.09,,2.27,22700,0.112,1120,405.35,19.95,8.01,1.49,0.86,39.2,205.226,18.588,5.12826499,2.272885106,0.530277778,8600,1.460504425,1.460504425,0.068085106
42,FR9,France,Maugio,High,MA8,43.61605,3.975727,,,,,,,1.75,0.83,2.58,35.4,33.2,30,19.92,,3.78,37800,0.1,1000,505.77,22.07,7.97,1.41,0.82,33.8,181.175,16.483,7.828346241,3.776649345,0.5059125,8200,1.482286172,1.482286172,0.063424947
43,FR10,France,Maugio,Low ,MA6,43.615201,3.975673,,,,,,,1.37,0.67,2.04,21.3,42.8,34.5,22.58,,2.09,20900,0.094,940,348.57,18.5,8.05,1.41,0.82,42.2,218.945,19.158,6.993096723,2.091018057,0.4031,8200,1.378946504,1.378946504,0.087982833
44,FR11,France,Maugio,Low ,CA28A,43.6139,3.97918,,,,,,,2.31,1.84,4.15,38,33.6,27.2,17.34,,2.03,20300,0.092,920,349.3,12.62,8.09,1.18,0.68,36.7,128.378,14.799,2.846097002,2.028784692,0.453620833,6800,1.236740011,1.236740011,0.063559322
45,FR12,France,Maugio,Grassland,MA9J,43.6173,3.9749,,,,,,,2.87,1.36,4.23,40.9,35.6,21.6,16.87,,6.44,64400,0.111,1110,585.33,25.57,7.96,1.86,1.08,34,289.385,29.678,8.36432455,6.436754207,0.979558333,10800,1.54248117,1.54248117,0.070663812
46,FR13,France,Fenay,High,1411,47.1357,5.53039,,,,,,,2.33,1.27,3.6,10.9,46.5,40.1,37.42,,4.02,40200,0.173,1730,416.94,11.13,7.87,2.5,1.45,0.5,349.617,34.067,1.121239115,4.022137903,0.658204167,14500,1.09875731,1.062637128,0.140077821
47,FR14,France,Fenay,Low ,1351,47.135861,5.52108,,,,,,,1.64,1.09,2.73,10.4,52.8,34.4,30.47,,7.44,74400,0.155,1550,676.28,34.29,7.83,2.37,1.37,3.7,266.016,32.186,9.660121551,7.443864964,0.652579167,13700,1.179028588,1.161306883,0.119733925
48,FR15,France,Fenay,Low ,1321,47.131621,5.53161,,,,,,,2.92,2,4.92,6.8,55,36.3,25.61,,4.25,42500,0.13,1300,570.8,30.95,6.5,1.88,1.09,0.4,245.286,18.886,17.32522463,4.247957812,0.304,10900,1.196614982,1.196614982,0.098684211
49,FR16,France,Fenay,Low ,1306,47.133361,5.45433,,,,,,,2.03,1.35,3.38,13.3,53.2,31.9,25.66,,3.1,31000,0.117,1170,442.34,29.34,6.9,1.59,0.92,0.3,176.473,14.255,16.90450649,3.101796041,0.257995833,9200,1.219214485,1.219214485,0.093167702
50,FR17,France,Fenay,Low ,1064,47.133872,5.33897,,,,,,,1.71,0.91,2.62,14.3,54.4,26.4,34.4,,9.89,98900,0.317,3170,873.08,21.59,7.9,4.89,2.83,52.4,487.691,76.736,1.571587723,9.893469922,0.667058333,28300,1.061725596,1.061725596,0.162895928
51,FR18,France,Fenay,High,1246,47.143577,5.35308,,,,,,,2.21,1.7,3.91,13.2,54.4,30.4,25.81,,1.2,12000,0.141,1410,750.85,55.21,7.1,1.99,1.15,0.4,252.577,29.472,45.0582212,1.198873986,0.4046875,11500,1.204041579,1.204041579,0.096969697
52,FR19,France,Fenay,Grassland,C +,47.134469,5.42659,,,,,,,1.39,0.35,1.74,14.8,46.6,36.2,26.43,,11.32,113200,0.161,1610,499.38,16.55,7.77,2.42,1.4,37,683.302,92.715,2.725520037,11.32096349,1.021354167,14000,1.036173794,1.036173794,0.141129032
53,FR20,France,Fenay,Grassland,C +,47.13395,5.4291,,,,,,,2.95,1.25,4.2,18.2,42,35.2,33.93,,33.82,338200,0.265,2650,866.37,36.08,7.53,4.62,2.68,34.2,1092.208,152.746,11.69089718,33.820434,1.649166667,26800,1.052695888,1.013423469,0.183098592
54,FR21,France,Epoisses,High,B6a,47.243276,5.100211,,,,,,,1.6,0.57,2.17,11.1,55.5,32,22.37,,3.83,38300,0.1,1000,786.49,68.55,6.81,1.38,0.8,0.2,140.633,13.623,37.44794809,3.825485961,0.260069444,8000,1.20186957,1.255891656,0.088552916
55,FR22,France,Epoisses,High,D5,47.240649,5.09639,,,,,,,1.74,1.75,3.49,11.2,42.8,43.4,38.86,,3.1,31000,0.178,1780,698.21,40.97,7.52,2.6,1.51,0.3,288.524,23.587,15.31289378,3.102582236,0.515729167,15100,1.116585537,1.107312595,0.10840708
56,FR23,France,Epoisses,High,H6,47.235864,5.103856,,,,,,,2.07,1.4,3.47,11.5,43.2,42.8,35.64,,,,0.189,1890,1739.87,149.15,7.2,2.54,1.47,2.2,260.164,21.068,97.99125065,18.24740289,0.358,14700,1.104750042,1.087124147,0.110882957
57,FR24,France,Epoisses,High,G10,47.232725,5.111105,,,,,,,2.25,1.09,3.34,10.9,41,45.1,36.58,,4,40000,0.216,2160,968.72,59.66,7.91,2.98,1.73,1.9,413.212,35.292,19.02172944,3.999825175,0.773472222,17300,1.107717325,1.082481098,0.138636364
58,FR25,France,Epoisses,Grassland,C +,47.233079,5.106059,,,,,,,2.49,1.15,3.64,8.3,43.8,44.2,37.85,,13.48,134800,0.246,2460,898.98,58.92,7.09,3.75,2.18,0.4,633.159,73.739,35.80062351,13.48344344,1.05125,21800,1.318409021,1.318409021,0.150900901
59,FR26,France,Epoisses,Grassland,C +,47.232674,5.111348,,,,,,,1.53,0.62,2.15,13.9,39.4,40.8,39.68,,50.24,502400,0.352,3520,1181.7,90.69,7.31,5.87,3.4,6.3,1327.031,138.917,32.83179517,50.24112863,2.833333333,34000,1.270283949,1.173636222,0.187648456
60,FR27,France,Fromenteau,High,SC1,47.38979,4.774691,,,,,,,3.27,1.36,4.63,7.2,36.3,51.6,37.66,,6.34,63400,0.332,3320,1213.3,39.7,7.33,4.87,2.82,2.6,612.671,78.662,12.04402583,6.342428008,1.302152778,28200,1.036439622,0.962548085,0.134529148
61,FR28,France,Fromenteau,Low,SC2,47.389958,4.774793,,,,,,,2.85,0.59,3.44,7.2,37.7,50.4,37.55,,5.57,55700,0.329,3290,1162.98,45.91,7.41,4.73,2.74,3.1,578.896,46.448,21.40540732,5.565559011,1.178888889,27400,1.308575569,1.223072987,0.118568233
62,FR29,France,Fromenteau,High,SC3,47.390044,4.774831,,,,,,,2.42,1.96,4.38,7.3,40,48.2,37.04,,11.44,114400,0.332,3320,1122.36,42.35,7.69,4.52,2.62,2.2,558.137,45.722,3.514358464,11.44034303,1.2878125,26200,1.170485905,1.118562129,0.125279642
63,FR30,France,Fromenteau,High,SC4,47.39015,4.774936,,,,,,,2.9,1.54,4.44,4.9,39.7,51,37.17,,6.64,66400,0.318,3180,1047.46,42.57,7.53,4.42,2.56,1,559.732,43.571,16.00930205,6.635368232,0.944166667,25600,1.178210577,1.096041198,0.117256637
64,FR31,France,Fromenteau,Low,SC5,47.390289,4.775035,,,,,,,2.79,1.68,4.47,6.5,38.8,50.3,43.62,,2.69,26900,0.317,3170,1107.34,41.51,7.55,4.38,2.54,1.1,563.81,45.115,16.13148539,2.686893445,0.86625,25400,1.219045102,1.167893178,0.116740088
65,FR32,France,Fromenteau,High,SC6,47.390386,4.775062,,,,,,,2.82,2,4.82,2.5,38.4,54.9,39.12,,5.62,56200,0.314,3140,1081.97,42.19,7.73,4.23,2.45,1.2,587.185,47.959,15.05929772,5.624927063,1.01125,24500,1.145557416,1.076550197,0.164079823
66,FR33,France,Fromenteau,High,SC7,47.390526,4.775187,,,,,,,2.18,1.76,3.94,13.6,35.3,46.2,37.68,,10.9,109000,0.353,3530,1080.58,33.97,7.5,4.87,2.82,1.4,594.112,43.872,10.83878474,10.89538704,1.147708333,28200,1.103180394,1.010184528,0.118834081
67,FR34,France,Fromenteau,High,SC8,47.390616,4.77522,,,,,,,2.85,2.16,5.01,14.3,36.4,44.2,38.04,,9.52,95200,0.348,3480,1084.13,39.66,7.49,5.07,2.94,1,600.663,45.425,13.61164389,9.520762423,1.460104167,29400,1.149717563,1.093422178,0.115044248
68,FR35,France,Fromenteau,Grassland,C +,47.389603,4.774764,,,,,,,1.83,0.94,2.77,14.7,35.3,45.6,38.04,,6.15,61500,0.326,3260,1127.97,36.74,7.49,4.42,2.56,5.4,659.62,49.306,7.8197487,6.148405087,1.675104167,25600,1.268856703,1.236169047,0.149425287
69,FR36,France,Boigneville,High,1310,48.326813,2.382192,,,,,,,2.31,1.02,3.33,16,61.2,21.4,16.4,,21.9,219000,0.112,1120,500.54,35.27,6.55,1.36,0.79,0.2,258.095,28.818,10.59665546,21.90314426,0.246805556,7900,1.191540614,1.191540614,0.160550459
70,FR37,France,Boigneville,Low,xxx,48.327091,2.380599,,,,,,,1.32,0.69,2.01,15.3,63.1,19.8,15.09,,5.69,56900,0.136,1360,580.1,56.05,5.9,1.85,1.07,0.2,233.1,34.119,24.09063194,5.688442413,0.36375,10700,1.400498491,1.400498491,0.16744186
71,FR38,France,Boigneville,Grassland,C +,48.325879,2.380743,,,,,,,1.64,0.85,2.49,18.5,57.4,21.1,19.58,,21.47,214700,0.206,2060,593.1,45.13,6.85,2.99,1.73,0.2,680.843,114.572,26.11278153,21.46845413,0.82875,17300,1.419112589,1.419112589,0.17551963
72,FR39,France,Boigneville,Grassland,C +,48.324773,2.382019,,,,,,,1.93,1.08,3.01,17.1,54.7,25.5,22.84,,16.23,162300,0.207,2070,590.38,43.34,7.29,2.75,1.59,0.4,626.774,107.241,19.46355267,16.2275018,0.9271875,15900,1.325572646,1.325572646,0.166666667
73,CH1,Switzerland,Zurich,Conventional,Adrian Haggemacher,47.16714,8.3826,2017,5,24,Winter wheat,20329,8515.5,3.27,1.46,4.73,31,39.5,25.6,27.96,,36.5,365000,0.319,3190,1050.02,22.6,7.54,3.9,2.26,1.1,1086.734,164.381,7.802705038,36.49904206,0.917473958,22600,1.17228227,1.157356048,0.301337154
74,CH2,Switzerland,Zurich,Grassland,Markus Schellenberg,47.29248,8.33517,2017,5,22,Grassland,,,2.68,0.94,3.62,30.35,25.5,40.5,27.82,,45.83,458300,0.31,3100,720.4,3.1,6.77,3.65,2.11,0.1,1144.891,158.574,0.455526243,45.83247848,0.974661458,21100,0.866681401,0.833562303,0.249737501
75,CH3,Switzerland,Zurich,Organic,Kurt Sch?ni,47.31341,9.4942,2017,5,26,Winter wheat,13897,6045,3.44,1.43,4.87,39.17,37.1,21.1,20.3,,31.24,312400,0.219,2190,858.32,23.42,6.54,2.63,1.53,0.1,702.672,102.328,13.31679683,31.24461536,0.775390625,15300,0.942216597,0.894944709,0.20831881
76,CH4,Switzerland,Zurich,Conventional,Marcel B¨¹hler,47.19244,8.38031,2017,5,24,Winter wheat,,,2.92,1.39,4.31,20.35,39.1,36.7,32.87,,46.46,464600,0.331,3310,1427.18,91.62,7.25,3.85,2.23,0.2,881.571,129.293,47.31601734,46.46199598,0.661536458,22300,0.915180712,0.915180712,0.338231435
77,CH5,Switzerland,Zurich,Grassland,Daniel Frei,47.29397,8.27921,2017,5,25,Grassland,,,1.7,1.09,2.79,26.33,31.3,39.1,24.56,,47.85,478500,0.267,2670,652.33,3.5,6.3,3.27,1.9,0.1,1125.234,158.122,0.301287435,47.85226725,0.869765625,19000,1.018020826,0.97698917,0.226542377
78,CH6,Switzerland,Zurich,Organic,Martin Greminger,47.31384,9.4944,2017,5,26,Winter wheat,18706,8377,4.75,2.35,7.1,33.98,41.8,21.3,20.66,,17.58,175800,0.255,2550,763.79,15.58,6.56,2.92,1.69,0.1,847.923,126.956,7.369298751,17.58211371,0.801223958,16900,1.08927155,1.08927155,0.193648087
79,CH7,Switzerland,Zurich,Conventional,Hans u. Mathias Frei,47.26514,8.29628,2017,5,25,Winter wheat,,,2.36,1.26,3.62,36.13,34.3,25.8,20.62,,31.26,312600,0.237,2370,1000.32,36.85,7.75,3.77,2.19,7.4,1048.853,183.031,11.20247935,31.25797359,1.092057292,21900,1.036548527,0.977523294,0.183800623
80,CH8,Switzerland,Zurich,Grassland,Kurt Sch?ni,47.31204,9.4821,2017,5,26,Grassland,,,3.72,2.04,5.76,29.58,31.7,35.9,21.31,,40.04,400400,0.269,2690,694.8,7.9,5.8,2.82,1.64,0.1,1004.51,136.57,2.252361328,40.03917367,0.776744792,16400,1.006061871,0.949845004,0.239464551
81,CH9,Switzerland,Zurich,Organic,Christian Mathys,47.19478,8.38354,2017,5,29,Winter wheat,17732,7184,3.31,1.73,5.04,29.24,36.2,29.7,30.91,,29.72,297200,0.358,3580,675.11,31.81,7.18,4.86,2.82,0.1,1100.185,157.634,9.806269303,29.72400113,1.180494792,28200,0.938461482,0.914687671,0.269303998
82,CH10,Switzerland,Zurich,Conventional,Daniel Frei,47.27454,8.27622,2017,5,25,Winter wheat,18927,10128,3.58,1.46,5.04,24.55,43.5,28.3,28.92,,19.63,196300,0.309,3090,1713.92,69.87,7.05,3.65,2.11,0.2,836.352,137.147,37.62364292,19.6349911,0.678932292,21100,1.038383437,1.038383437,0.234260067
83,CH11,Switzerland,Zurich,Grassland,Konrad Anderes,47.31619,9.3077,2017,5,26,Grassland,,,1.91,0.44,2.35,35.31,38,22.7,25.64,,36.48,364800,0.335,3350,876.31,7,7.39,3.99,2.31,13.4,1391.559,218.244,0.312240942,36.48446104,1.219973958,23100,0.926051724,0.875373408,0.271134148
84,CH12,Switzerland,Zurich,Organic,Heinz u. Barbara Kunz,47.18377,8.43757,2017,5,29,Winter wheat,11593,4856,3.67,1.42,5.09,13.97,34.6,45.2,49.63,,39.53,395300,0.479,4790,1154.24,62.68,6.96,6.23,3.61,0.3,1292.435,176.221,22.19435747,39.52767454,1.339869792,36100,0.955364682,0.955364682,0.351948052
85,CH13,Switzerland,Zurich,Conventional,Konrad Anderes,47.31641,9.307,2017,5,26,Winter wheat,14968,7843,3,2.38,5.38,39.94,40.7,16.1,20.69,,35.45,354500,0.284,2840,897.66,23.57,7.1,3.26,1.89,0.3,902.152,151.623,15.15514079,35.45211596,1.088916667,18900,1.046558249,1.007205183,0.213592233
86,CH14,Switzerland,Zurich,Grassland,Heinz u. Barbara Kunz,47.18375,8.43647,2017,5,29,Grassland,,,3.65,1.06,4.71,32.55,33.9,30.8,25.22,,22.16,221600,0.234,2340,659.15,6.4,7.15,2.75,1.6,2.8,907.57,134.691,1.131897493,22.15577104,1.196416667,16000,1.106197718,1.05357202,0.200500469
87,CH15,Switzerland,Zurich,Organic,Urs Knecht,47.5,8.75,2017,5,30,Winter wheat,15601,6713,2.5,1.72,4.22,25.5,40.3,31.4,24.73,,37.66,376600,0.241,2410,1033.33,42.68,6.78,2.8,1.62,0.2,743.494,105.524,18.21719274,37.65567867,0.676354167,16200,1.106568272,1.092624035,0.152671756
88,CH16,Switzerland,Zurich,Conventional,Brigitte Schwarz,47.32712,9.4002,2017,5,26,Winter wheat,,,2.78,1.46,4.24,27.82,43.6,25.9,17.15,,25.48,254800,0.192,1920,967.85,37.62,6.24,2.68,1.56,0.1,523.086,76.927,19.97825398,25.48368348,0.513125,15600,0.982135925,0.951069636,0.219798264
89,CH17,Switzerland,Zurich,Grassland,Christoph Frei-Sch?ller,47.5,8.75,2017,5,30,Grassland,,,1.99,0.62,2.61,28.07,35.4,28.7,34.81,,50.19,501900,0.334,3340,431.88,8,6.59,7.83,4.54,0.1,1048.636,150.437,0.99223373,50.18942811,1.2613125,45400,1.031341831,1.001846889,0.163043478
90,CH18,Switzerland,Zurich,Organic,Peter Ball,47.5,8.75,2017,5,30,Winter wheat,14454,6823,3.48,1.76,5.24,39.89,32.2,25.4,25.05,,25.4,254000,0.243,2430,1151.03,39.02,7.36,2.51,1.45,0.7,704.668,109.688,20.73890396,25.39734091,0.7850625,14500,0.949742915,0.90488439,0.152542373
91,CH19,Switzerland,Zurich,Conventional,Silvio F¨¹rst,47.18777,8.42846,2017,5,29,Winter wheat,14317,6071,2.66,1.61,4.27,22.76,32.9,39.7,41.79,,32.1,321000,0.378,3780,1390.46,35.11,7.05,4.64,2.69,0.7,1048.187,142.66,16.77839032,32.10172408,0.890895833,26900,0.84057291,0.835462414,0.281168205
92,CH20,Switzerland,Zurich,Grassland,Urs Knecht,47.5,8.75,2017,5,30,Grassland,,,3.27,1.21,4.48,34.88,34.6,26.7,26.49,,45.85,458500,0.294,2940,818.9,25.51,6.93,3.82,2.21,5.4,1266.813,187.748,6.099278106,45.85334304,1.542979167,22100,1.057491425,1.028048601,0.182795699
93,CH21,Switzerland,Zurich,Organic,Marbot (Kosterhof),47.10862,8.17254,2017,5,31,Winter wheat,,,2.69,1.61,4.3,30.82,38.3,27.1,24.9,,48.83,488300,0.308,3080,1348.76,35.17,7.17,3.78,2.19,0.3,1012.306,159.395,14.34533306,48.82609812,0.801416667,21900,0.983859383,0.942556645,0.294117647
94,CH22,Switzerland,Zurich,Conventional,Christoph Frei-Sch?ller,47.5,8.75,2017,5,30,Winter wheat,15086,6860,4.81,2.35,7.16,39.05,30.6,27.4,21.86,,30.39,303900,0.24,2400,1121.33,83.13,7.79,2.95,1.71,4.5,747.684,109.525,44.72710943,30.39086517,1.1538125,17100,0.861762251,0.794827075,0.136363636
95,CH23,Switzerland,Zurich,Grassland,Jules R¨¹ttimann,47.10745,8.20015,2017,5,31,Grassland,,,2.19,1.02,3.21,28.43,29.4,39.8,23.86,,30.03,300300,0.233,2330,781.6,19.61,5.74,2.37,1.38,0.2,827.075,77.519,4.756601756,30.03151332,0.554645833,13800,1.197644169,1.182347187,0.291139241
96,CH24,Switzerland,Zurich,Organic,Erwin Renggli,47.1121,8.17744,2017,5,31,Winter wheat,,,3.14,1.49,4.63,27.79,30.3,37.3,28.69,,51.96,519600,0.4,4000,1139.35,13.79,7.2,4.61,2.67,0.7,1397.396,236.562,3.867594738,51.95964654,1.072770833,26700,0.94758809,0.91766798,0.309278351
97,CH25,Switzerland,Zurich,Conventional,Flavio Ferrari (Strickhof),47.5,8.75,2017,5,30,Winter wheat,16019,7443,2.85,1.88,4.73,30.43,34.8,30.6,29.69,,45.85,458500,0.303,3030,1251.49,68.96,7.61,4.17,2.42,6.7,1080.799,167.962,36.18538631,45.84545455,1.098916667,24200,0.788554175,0.760665135,0.2
98,CH26,Switzerland,Zurich,Grassland,Stefan Elmiger,47.10486,8.18875,2017,5,31,Grassland,,,2.69,0.79,3.48,35.61,30.2,31.1,21.52,,43.35,433500,0.255,2550,778.41,12.7,5.88,3.09,1.79,0.2,866.349,120.333,4.254654854,43.34808294,0.8213125,17900,1.170058216,1.099916691,0.280898876
99,CH27,Switzerland,Zurich,Organic,Thomas Baumann,47.22232,8.04144,2017,6,1,Winter wheat,14403,5759,2.76,2.13,4.89,35.38,35.7,24.6,25.9,,29,290000,0.261,2610,779.67,19.91,6.61,4.32,2.5,0.1,636.078,98.429,11.59273835,28.99947465,0.635791667,25000,1.015992358,1.000897407,0.20212766
100,CH28,Switzerland,Zurich,Conventional,Stefan Elmiger,47.10017,8.18855,2017,5,31,Winter wheat,12047,6996,2.17,0.61,2.78,65.91,23.7,8.6,11.71,,18.17,181700,0.124,1240,802.84,30.21,7.82,1.79,1.04,9.7,496.405,96.691,12.64066753,18.17122889,0.605895833,10400,1.165832143,1.165832143,0.158415842
101,CH29,Switzerland,Zurich,Grassland,Lukas H?usler,47.23071,8.11461,2017,6,1,Grassland,,,2.19,0.99,3.18,50.18,27.4,20.4,17.15,,19.86,198600,0.176,1760,777.63,15.3,5.92,2.02,1.17,0.2,489.931,76.034,5.984384596,19.86416969,0.6063125,11700,1.342768125,1.342768125,0.172043011
102,CH30,Switzerland,Zurich,Organic,Lukas H?usler,47.2351,8.11843,2017,6,1,Winter wheat,,,3.05,2.55,5.6,35.02,41.5,21.2,15.43,,26.55,265500,0.2,2000,932.88,39.66,6.57,2.28,1.32,0.1,532.941,89.33,21.13548982,26.54828273,0.565833333,13200,1.169264151,1.121076809,0.132653061
103,CH31,Switzerland,Zurich,Conventional,Jules R¨¹ttimann,47.10571,8.19356,2017,5,31,Winter wheat,19636,8481,4.06,2.26,6.32,33.65,36.7,24.5,26.55,,35.63,356300,0.412,4120,1502.26,60.37,6.7,5.15,2.99,0.3,1243.125,208.617,25.03514756,35.62929324,0.826416667,29900,1.00870649,1.00870649,0.308641975
104,CH32,Switzerland,Zurich,Grassland,Samuel St¨¹ssi,47.27206,8.30353,2017,6,1,Grassland,,,2.8,1.55,4.35,16.12,41.4,38.8,30.52,,23.18,231800,0.273,2730,863.68,9.2,6,3.68,2.13,0.2,580.129,78.768,4.371759153,23.1842576,0.5913125,21300,1.086390385,1.086390385,0.255813953
105,CH33,Switzerland,Zurich,Organic,St¨¹ssi Samuel,47.2728,8.30359,2017,6,1,Winter wheat,,,2.08,1.57,3.65,28.27,38.2,30.8,21.91,,16.32,163200,0.217,2170,731.58,17.09,7.24,2.73,1.58,0.2,498.923,78.286,10.09346658,16.32190283,0.4528125,15800,1.306935293,1.231962767,0.182795699
106,CH34,Switzerland,Zurich,Conventional,Hansj?rg Salm,47.23487,8.11861,2017,6,1,Winter wheat,,,2.37,1,3.37,35.17,44,18.4,16.03,,11.93,119300,0.202,2020,903.36,46.93,6.94,2.43,1.41,0.2,395.154,50.488,33.12365248,11.93096259,0.356770833,14100,1.091699092,0.981391338,0.157303371
107,CH35,Switzerland,Zurich,Grassland,Michael u. Markus Suter,47.23724,8.13752,2017,6,2,Grassland,,,3.07,1.35,4.42,48.26,24.4,24.6,18.5,,22.54,225400,0.157,1570,886.95,32.6,5.66,2.74,1.59,0.1,506.512,52.144,14.08460235,22.54284038,0.6890625,15900,1.251582391,1.251582391,0.114583333
108,CH36,Switzerland,Zurich,Organic,Stefan V?geli,47.24805,8.6891,2017,6,2,Winter wheat,,,2.49,0.91,3.4,37.5,40.7,19.5,15.14,,24.94,249400,0.162,1620,473.79,10.36,7.18,2.3,1.33,0.3,468.317,78.653,6.406747562,24.94117647,0.613333333,13300,1.236765623,1.168537237,0.139784946
109,CH37,Switzerland,Zurich,Conventional,Michael u. Markus Suter,47.23681,8.13711,2017,6,2,Winter wheat,19015,9485,2.71,4.01,6.72,56.32,26.4,14.7,14.88,,18.62,186200,0.195,1950,1144.18,63.21,7.18,2.58,1.5,0.3,485.521,77.061,41.22671721,18.62208076,0.390079167,15000,1.092148496,0.992806916,0.134831461
110,CH38,Switzerland,Zurich,Grassland,Markus Wietlisbach,47.23342,8.13948,2017,6,2,Grassland,,,2.79,1.74,4.53,29.96,48.8,19.5,12.61,,13.08,130800,0.141,1410,708.12,21.7,6,1.74,1.01,0.2,432,65.208,11.74762713,13.08038246,0.578854167,10100,1.193245375,1.155064282,0.122222222
111,CH39,Switzerland,Zurich,Organic,Andr¨¦ Meyer,47.25465,8.1538,2017,6,2,Winter wheat,11359,4405,1.82,1.21,3.03,37.56,43.1,17.4,14.07,,15.38,153800,0.171,1710,912.68,41.68,6.72,1.94,1.13,0.2,447.927,77.721,27.00651466,15.38080495,0.43,11300,1.156593291,1.111546426,0.210526316
112,CH40,Switzerland,Zurich,Conventional,Markus Wietlisbach,47.23418,8.14152,2017,6,7,Winter wheat,17652,9305,2.74,2.32,5.06,56.17,29,12.9,13.24,,6.11,61100,0.164,1640,926.05,45.4,7.04,1.93,1.12,0.2,397.601,56.403,41.18693971,6.107750314,0.4375,11200,1.189524733,1.07680404,0.096774194
113,CH41,Switzerland,Zurich,Grassland,Fritz Kobel,47.25075,8.8784,2017,6,2,Grassland,,,0.69,0.33,1.02,15.48,39.6,39.8,30.85,,33.13,331300,0.353,3530,562.43,1.4,7.54,5.12,2.97,9.6,1265.499,172.715,0.310046401,33.12597336,1.250520833,29700,1.011662337,0.994445943,0.197802198
114,CH42,Switzerland,Zurich,Organic,Alois Huber,47.2503,8.1058,2017,6,2,Winter wheat,,,2.78,1.09,3.87,40.53,38.4,19.1,13.07,,21.86,218600,0.165,1650,897.66,58.18,6.6,1.97,1.14,0.2,602.388,96.598,42.15023589,21.85757012,0.753645833,11400,1.230950086,1.207516585,0.168539326
115,CH43,Switzerland,Zurich,Conventional,Thomas Huwiler,47.26919,8.16119,2017,6,7,Winter wheat,,,2.7,1.94,4.64,39.3,39.6,18.8,15.1,,10.86,108600,0.187,1870,950.97,55.78,6.85,2.3,1.33,0.3,394.1,67.959,43.02626051,10.85820433,0.413229167,13300,1.022186095,0.958526279,0.245454545
116,CH44,Switzerland,Zurich,Grassland,Thomas Huwiler,47.26851,8.16329,2017,6,6,Grassland,,,1.96,1.35,3.31,19.5,46.8,31.1,16.69,,16.53,165300,0.219,2190,1150.03,56.4,5.63,2.6,1.51,0.2,513.16,77.661,16.73940704,16.53307494,0.522266667,15100,1.024712927,0.977717409,0.26744186
117,CH45,Switzerland,Zurich,Organic,Django Hegglin,47.25673,8.12742,2017,6,6,Winter wheat,,,3.71,1.35,5.06,22.44,33.7,38.1,36.92,,33.86,338600,0.471,4710,1690.23,96.33,7.86,5.76,3.34,9.4,1275.747,191.136,48.28306231,33.86153846,1.2809375,33400,0.802737387,0.712585817,0.291666667
118,CH46,Switzerland,Zurich,Conventional,Thomas Huwiler,47.27135,8.16309,2017,6,7,Winter wheat,17365,9337,2.65,2.34,4.99,35.96,46.7,15.3,14.21,,18.78,187800,0.2,2000,1012.14,39.21,6.31,2.04,1.18,0.3,477.381,74.332,23.34097926,18.77773839,0.5253125,11800,1.035959335,0.971742375,0.252747253
119,CH47,Switzerland,Zurich,Grassland,Django Hegglin,47.25894,8.12633,2017,6,6,Grassland,,,2.52,0.87,3.39,24.54,45.8,26.9,15.08,,27.76,277600,0.207,2070,690.52,40.15,6.36,2.76,1.6,0.2,730.834,110.269,10.36466578,27.76170213,0.813229167,16000,1.156885205,1.083370513,0.191489362
120,CH48,Switzerland,Zurich,Organic,Thomas Ryffel,47.23968,8.34712,2017,6,7,Winter wheat,16015,6535,2.9,2.46,5.36,38.88,36.2,21.7,20.7,,26.39,263900,0.255,2550,997.07,39.3,7.87,3.22,1.87,14.3,752.877,124.185,15.0290987,26.38611738,0.712708333,18700,1.099220516,1.071911286,0.248120301
121,CH49,Switzerland,Zurich,Conventional,Fritz Kobel,47.25326,8.869,2017,6,8,Winter wheat,20536,8574,2.36,1.11,3.47,19.62,56,21.4,18.94,,13.91,139100,0.217,2170,1011.41,59.58,7.3,2.98,1.73,0.5,634.961,99.188,26.66474007,13.91061453,0.579583333,17300,1.153846656,1.121102289,0.25
122,CH50,Switzerland,Zurich,Grassland,Peter Nussbaum,47.23569,8.35444,2017,6,7,Grassland,,,0.63,0.21,0.84,38.13,30.5,25.7,28.19,,59.8,598000,0.427,4270,704.89,6.8,7.49,5.67,3.29,8.6,1499.435,242.423,0.841327439,59.79568298,1.333283333,32900,0.869252797,0.869252797,0.397058824
123,CH51,Switzerland,Zurich,Organic,Peter Nussbaum,47.23526,8.35532,2017,6,8,Winter wheat,14651,6148,3.23,2.43,5.66,50.28,30.7,16.4,15.11,,21.82,218200,0.188,1880,940.08,44.36,6.76,2.62,1.52,0.5,610.818,98.21,31.18244841,21.81796299,0.677291667,15200,1.095675042,1.064303236,0.24137931
124,CH52,Switzerland,Zurich,Conventional,B¨¹hler-Lamprecht,47.2599,8.2409,2017,6,8,Winter wheat,21879,11104,2.38,1.77,4.15,48.04,34,15.9,12.84,,16.54,165400,0.152,1520,575.83,20.35,6.46,2.06,1.19,0.1,431.721,65.143,11.45003261,16.54126045,0.341,11900,1.319697925,1.298985428,0.1953125
125,CH53,Switzerland,Zurich,Grassland,Markus Huber,47.19748,8.45018,2017,6,8,Grassland,,,0.68,0.11,0.79,38.89,34.1,21.7,21.69,,41.89,418900,0.374,3740,1105.18,1.4,6.73,5.31,3.08,0.4,1338.417,198.09,0.785642243,41.89276596,1.045104167,30800,0.95413136,0.924562895,0.276595745
126,CH54,Switzerland,Zurich,Organic,Markus Huber,47.19723,8.45037,2017,6,8,Winter wheat,,,3.84,1.94,5.78,45.39,35.4,16.1,15.72,,31.53,315300,0.233,2330,887.53,7.1,6.12,3.11,1.8,0.1,638.089,98.788,4.947324129,31.5302391,0.542291667,18000,0.957532755,0.887232531,0.222222222
127,CH55,Switzerland,Changins,Conventional,Field Station,46.3987,6.233016,2017,6,7,Winter wheat,NA,3407.5,1.95,1.14,3.09,18.36,50.4,29.1,16.2,,11.87,118700,0.172,1720,864.96,24.76,6.24,2.14,1.24,0.1,370.022,52.026,14.17757655,11.86829932,0.378,12400,1.13547752,1.125480788,0.183673469
128,CH56,Switzerland,Changins,Grassland,Field Station,46.3987,6.233016,2017,6,7,Grassland,,,3.46,1.81,5.27,23.31,46.1,26.5,20.32,,43.02,430200,0.281,2810,877.77,28.36,6.1,4.09,2.37,0,1000.463,138.848,14.03834429,43.02325581,0.879270833,23700,1.151242915,1.151242915,0.233333333
129,CH57,Switzerland,Changins,Conventional,Field Station,46.3987,6.233016,2017,6,7,Winter wheat,11350,6800,2.33,0.99,3.32,31.14,43.6,22.4,15.81,,12.09,120900,0.196,1960,886.36,25.7,7.4,2.86,1.66,0.6,447.914,76.318,14.15025997,12.08514803,0.496145833,16600,1.173365726,1.161799775,0.204918033
130,CH58,Germany,Augsburg,Organic,Christian Matthesius,48.08642,10.41639,2017,6,19,Winter wheat,,,2.3,1.88,4.18,10.46,48.9,35.4,33.17,,18.01,180100,0.378,3780,566.15,20.38,7.91,5.24,3.04,21.1,722.146,100.194,4.799088846,18.01283422,0.9409375,30400,0.998968468,0.998968468,0.235294118
131,CH59,Germany,Augsburg,Organic,Johann Ellenrieder,48.19417,10.37494,2017,6,20,Winter wheat,,,3.28,1.88,5.16,58.27,15.6,22.5,21.47,,21.04,210400,0.287,2870,918.23,23.06,6.25,3.63,2.1,0.2,542.371,80.113,10.37366559,21.04492116,0.676979167,21000,1.140964598,1.140964598,0.231481481
132,CH60,Germany,Augsburg,Organic,Florian and Johannes Pf?nder,48.11282,10.43511,2017,6,20,Winter wheat,,,3.02,1.24,4.26,8,50.1,37.8,29.22,,13.56,135600,0.331,3310,544.19,14.96,8.06,4.1,2.38,28.5,691.646,98.154,1.631081389,13.56309175,0.812916667,23800,0.890034048,0.882552357,0.351948052
133,CH61,Germany,Augsburg,Organic,Martin Tr?bersberger,48.01373,10.4564,2017,6,21,Winter wheat,,,2.11,1.12,3.23,18.51,61,18.7,12.77,,17.39,173900,0.127,1270,768.05,38,6.12,1.79,1.04,0.3,334.464,51.476,17.91160689,17.39022484,0.387083333,10400,1.148406047,1.148406047,0.269303998
134,CH62,Germany,Landshut,Organic,Hermann Brunner,48.3742,12.49634,2017,6,27,Winter wheat,,,2,1.08,3.08,22.6,52,23,18.1,,14.78,147800,0.176,1760,847.25,46.14,7.18,2.4,1.39,0.3,472.314,70.651,32.71652611,14.77865189,0.672,13900,1.150690875,1.150690875,0.113333333
135,CH63,Germany,Landshut,Organic,Josef Wasmeier,48.39559,12.46736,2017,6,27,Winter wheat,,,1.84,1.08,2.92,11.09,53.9,33.1,20.27,,8.76,87600,0.143,1430,457.08,9.8,7.43,1.91,1.11,0.6,339.993,45.851,6.056682916,8.763320942,0.4678125,11100,1.200461172,1.200461172,0.126865672
136,CH64,Germany,Landshut,Organic,Stefan und Adrian Jahrstorfer,48.38856,12.54012,2017,6,28,Winter wheat,,,1.82,1.03,2.85,18.34,59,20.6,15.42,,5.55,55500,0.142,1420,809.63,70.55,6.98,2.06,1.19,0.6,334.904,52.348,52.86574459,5.545263374,0.343125,11900,1.270759274,1.270759274,0.126865672
137,CH65,Germany,Landshut,Organic,Apfelbeck,48.45122,12.49452,2017,6,28,Winter wheat,,,2.31,1.47,3.78,30.82,47.8,19.7,12.66,,6.28,62800,0.128,1280,659.78,89.99,6.96,1.68,0.98,0.3,298.618,42.774,47.56644341,6.278128951,0.358,9800,1.333792271,1.333792271,0.083333333
138,CH66,Germany,Augsburg,Conventional,Diverse neighbour of Christian Matthesius,48.08834,10.45663,2017,6,19,Winter wheat,,,2.26,1.76,4.02,34.4,37.2,26.2,20.36,,9.87,98700,0.164,1640,735.69,43.93,7.79,2.2,1.28,4.6,371.311,58.247,21.44980726,9.871972318,0.4925,12800,1.219799135,1.219799135,0.125
139,CH67,Germany,Augsburg,Conventional,Herr R. (biogas neighbour of Christian Matthesius),48.9564,10.45672,2017,6,19,Winter wheat,,,2.53,1.65,4.18,34.74,38,24.6,18.87,,11.7,117000,0.189,1890,893.98,96.4,7.68,2.66,1.54,0.7,471.721,79.975,48.82427761,11.70183563,0.5975,15400,1.252769036,1.252769036,0.129533679
140,CH68,Germany,Augsburg,Conventional,Johann Stegmann,48.09583,10.43752,2017,6,21,Winter wheat,,,3,1.65,4.65,36.58,37,23.7,17.48,,14.86,148600,0.2,2000,615.52,36.21,7.33,2.72,1.58,0.4,443.059,76.428,22.24727747,14.86084142,0.421875,15800,1.164559447,1.149627084,0.106796117
141,CH69,Germany,Augsburg,Conventional,Hermann Schorer,48.12433,10.4672,2017,6,21,Winter wheat,,,2.46,1.38,3.84,31.52,43.3,23.6,15.86,,10.57,105700,0.143,1430,559.7,33.32,7.49,1.58,0.92,0.4,306.308,47.581,16.31568638,10.56813203,0.3675,9200,1.245780861,1.245780861,0.097560976
142,CH70,Germany,Landshut,Conventional,Sebastian Dickow,48.36701,12.36538,2017,6,27,Winter wheat,,,2.11,1.27,3.38,14.8,59.4,23.5,17.45,,13.37,133700,0.174,1740,684.91,28.81,7.48,2.3,1.34,0.4,455.533,69.62,14.35172876,13.37456019,0.491979167,13400,1.250801244,1.250801244,0.132743363
143,CH71,Germany,Landshut,Conventional,Ludwig Stangl,48.38677,12.50414,2017,6,28,Winter wheat,,,1.82,0.72,2.54,14.62,58.9,24.2,17.34,,16.35,163500,0.165,1650,964.27,85.4,7.13,2.28,1.32,0.2,357.311,49.925,53.96664683,16.35224668,0.423541667,13200,1.254909988,1.254909988,0.112299465
144,CH72,Germany,Landshut,Conventional,Karl Steinbeisser,48.38563,12.50077,2017,6,28,Winter wheat,,,5.22,3.4,8.62,19.3,43,32.9,36.42,,13.8,138000,0.378,3780,1346.22,118.02,7.02,4.8,2.78,0.3,755.373,104.398,64.32930411,13.79907834,0.572395833,27800,0.995833197,0.991426433,0.225806452
145,CH73,Germany,Landshut,Conventional,Sicheneder,48.3854,12.47405,2017,6,28,Winter wheat,,,1.93,0.8,2.73,7.98,59.5,30.8,16.79,,6.85,68500,0.14,1400,573.14,28.7,8.03,1.72,1,11.2,400.456,64.41,13.16238547,6.853580612,0.542083333,10000,1.311309407,1.311309407,0.12195122
146,CH74,Germany,Augsburg,Grassland,Christian Matthesius,48.09385,10.45935,2017,6,19,Grassland,,,2.15,1.78,3.93,25.42,47.2,24.8,19.6,,19.66,196600,0.203,2030,784,52.37,7.45,2.58,1.49,1.1,633.265,97.366,24.56644592,19.66173891,0.837891667,14900,1.204075459,1.193280101,0.134615385
147,CH75,Germany,Augsburg,Grassland,Johann Ellenrieder,48.18931,10.38544,2017,6,20,Grassland,,,2.79,1.85,4.64,68.11,10.5,18.8,15.7,,29.59,295900,0.185,1850,583.09,8.7,5.83,2.59,1.5,0.3,564.382,79.885,2.302985995,29.58792712,0.5875,15000,1.087666791,1.087666791,0.149425287
148,CH76,Germany,Augsburg,Grassland,Florian and Johannes Pf?nder,48.11496,10.43567,2017,6,20,Grassland,,,1.62,0.74,2.36,39.57,38.3,17.2,24.06,,68.3,683000,0.354,3540,528.45,7.3,7.78,4.93,2.86,30.5,1447.89,233.828,0.970681711,68.30026723,1.124895833,28600,1.086707405,1.086707405,0.226415094
149,CH77,Germany,Augsburg,Grassland,Martin Tr?bersberger,48.03461,10.46439,2017,6,21,Grassland,,,2.7,0.98,3.68,25.24,36.7,26.2,55.31,,65.44,654400,0.708,7080,994.52,10.63,6.02,11.86,6.87,0.3,2340.861,265.336,2.958143233,65.44233501,1.36875,68700,0.824663247,0.824663247,0.193648087
150,CH78,Germany,Augsburg,Grassland,Johann Stegmann,48.09841,10.43527,2017,6,21,Grassland,,,3.87,1.66,5.53,35.5,33.6,27.3,19.91,,35.83,358300,0.252,2520,530.46,5.8,6.41,3.6,2.09,0.2,697.48,100.606,2.996288834,35.83286918,0.717395833,20900,1.285864988,1.285864988,0.163461538
151,CH79,Germany,Landshut,Grassland,Loibl,48.38226,12.48215,2017,6,27,Grassland,,,2.65,0.72,3.37,25.55,41.8,27.6,36.93,,50.18,501800,0.417,4170,603.17,5.4,5.97,5.05,2.93,0.1,1311.064,128.336,1.872592504,50.18392643,0.9490375,29300,1.166980065,1.166980065,0.262295082
152,CH80,Germany,Landshut,Grassland,Ludwig Stangl,48.3882,12.4996,2017,6,28,Grassland,,,3.44,1.47,4.91,15.65,53.6,27.7,18.42,,31.58,315800,0.207,2070,651.45,27.34,5.89,3.05,1.77,0.1,693.362,113.894,11.77317353,31.57660167,0.658958333,17700,1.151084394,1.130934017,0.181818182
153,CH81,Germany,Landshut,Grassland,Apfelbeck,48.44417,12.49166,2017,6,28,Grassland,,,3.06,1.18,4.24,40.91,25.4,26.3,42,,62.28,622800,0.533,5330,644.2,30.85,7.7,7.39,4.29,13.3,1516.348,265.5,7.156295286,62.27601777,1.484791667,42900,1.047424859,1.024760481,0.289855072
154,CH82,Germany,Landshut,Grassland,Hermann Brunner,48.37368,12.50009,2017,6,28,Grassland,,,2.93,1.1,4.03,33.53,27.7,29.5,31.54,,34.6,346000,0.228,2280,402.57,1.8,7.11,9.27,5.37,1.6,957.525,113.094,1.167026418,34.59826635,1.516770833,53700,1.271443339,1.258017966,0.159574468
155,GE1,Germany,Kiel,Grassland,GRASS01,54.312207,9.97513,,,,,,,2.45,1.87,4.32,62.05,22.7,13.5,12.37,,18.02,180200,0.131,1310,807.92,49.31,6.05,1.75,1.01,0.1,403.219,69.505,23.74487472,18.02035015,0.573645833,10100,1.597762109,1.53305157,0.114996638
156,GE4,Germany,Kiel,Grassland,GRASS02,54.313022,9.98467,,,,,,,4.06,2.47,6.53,56.32,20.5,20.7,13.58,,20.6,206000,0.15,1500,643.46,28.5,5.75,2.48,1.44,0.3,455.906,77.713,9.988392529,20.60489942,0.589453125,14400,1.521814306,1.493189376,0.137044271
157,GE7,Germany,Kiel,Grassland,GRASS03,54.314827,9.98646,,,,,,,2.12,2.13,4.25,62.39,22.9,12.8,14.12,,15.99,159900,0.163,1630,712.8,24.21,6.16,1.91,1.11,0.2,392.414,72.072,8.484151709,15.9857495,0.476536458,11100,1.52314924,1.503117015,0.145380935
158,GE10,Germany,Kiel,Grassland,GRASS04,54.311646,9.99885,,,,,,,3.37,1.67,5.04,54.73,23.3,19.8,7.25,,16.1,161000,0.145,1450,698.63,34.66,6.34,2.17,1.26,0.2,366.744,62.916,14.47458505,16.09851092,0.454036458,12600,1.545386925,1.505867602,0.179128221
159,GE13,Germany,Kiel,High,Bockberg links,54.31162,9.98116,,,,,,,2.76,0.9,3.66,64.1,23.4,11.2,13.98,,5.72,57200,0.101,1010,616.3,55,7.56,1.3,0.75,0.4,244.926,42.652,29.0995789,5.719068069,0.348723958,7500,1.532692094,1.515512484,0.110350982
160,GE16,Germany,Kiel,High,Bockberg rechts,54.312154,9.979049,,,,,,,2.45,1.27,3.72,50.92,26.3,20.8,13,,10.59,105900,0.114,1140,597.18,44.55,6.9,1.98,1.15,0.2,314.047,51.563,15.55582978,10.58560343,0.412578125,11500,1.566986951,1.547311508,0.108910891
161,GE19,Germany,Kiel,High,Fegefeuer,54.31663,9.998858,,,,,,,3.26,2.89,6.15,63.54,16.3,18.1,13.17,,3.22,32200,0.12,1200,703.5,58.76,7.23,2.06,1.19,0.2,283.58,49.263,33.731889,3.217539355,0.302890625,11900,1.567863824,1.512768523,0.130997475
162,GE22,Germany,Kiel,High,Hint. H¨¹ttenkrog,54.313605,9.997345,,,,,,,3.89,3.7,7.59,65.71,17.7,14.5,12.13,,8.62,86200,0.116,1160,751.91,49.09,7.12,2.09,1.21,0.2,319.015,55.054,28.79573917,8.61861884,0.374661458,12100,1.47113981,1.373717292,0.097360302
163,GE25,Germany,Kiel,High,Nordtrasse,54.318436,9.990228,,,,,,,2.57,2,4.57,55.62,21.6,20.6,13.6,,7.91,79100,0.126,1260,568.52,29.51,7.19,2.18,1.26,0.2,292.317,51.345,17.46344418,7.911304598,0.311953125,12600,1.536072383,1.494618297,0.144741802
164,GE28,Germany,Kiel,High,Vord. H¨¹ttenkrog,54.315818,9.986797,,,,,,,3.17,2.79,5.96,58.03,23,17.1,12.71,,8.08,80800,0.11,1100,610.08,35.34,7.43,1.87,1.09,0.3,290.151,54.008,18.05611166,8.083406952,0.349348958,10900,1.434239816,1.406028608,0.133707494
165,GE31,Germany,Kiel,Low,V68-3,54.312005,9.976471,,,,,,,2.47,2.97,5.44,52.38,27.4,18.8,12.43,,4.51,45100,0.099,990,621.16,37.47,7.01,1.42,0.82,0.2,208.744,31.69,23.92711937,4.514003407,0.266640625,8200,1.528238986,1.465546707,0.089188322
166,GE34,Germany,Kiel,Low,V68-4,54.312008,9.976011,,,,,,,1.77,1.67,3.44,49.93,30.8,17.7,12.23,,2.68,26800,0.106,1060,660.73,41.53,7.05,1.57,0.91,0.4,200.702,34.426,27.38815159,2.683658787,0.2590625,9100,1.542880803,1.512599853,0.100719424
167,GE37,Germany,Kiel,Low,V68-5,54.312146,9.975575,,,,,,,2.93,2.64,5.57,57.27,26,15,10.39,,0.05,500,0.114,1140,652.18,43.21,7.13,1.73,1,0.1,203.574,29.03,27.77758269,0.04760726,0.243125,10000,1.553500474,1.544594309,0.099727706
168,GE40,Germany,Kiel,Low,V98-2,54.3127,9.998685,,,,,,,2.92,2.48,5.4,59.4,19.1,19.3,11.61,,7.45,74500,0.115,1150,587.01,32.85,6.89,2.2,1.27,0.3,207.2,35.326,16.49702945,7.44716781,0.228203125,12700,1.507584864,1.485831229,0.107541899
169,GE43,Germany,Quillow,Grassland,GRASS-BAAD02,53.349999,13.74359,,,,,,,4.51,3.34,7.85,64.23,16.2,12.6,32.98,,,,0.453,4530,837.69,38.17,7.75,6.97,4.04,1.5,850.135,166.034,,,1.187239583,40400,1.289154923,1.289154923,0.268350168
170,GE46,Germany,Quillow,Grassland,GRASS-BABJ12,53.365754,13.720488,,,,,,,3.57,1.16,4.73,68.54,15.7,13.5,8.8,,10.73,107300,0.13,1300,445.33,40.23,6.98,2.26,1.31,0.2,392.29,68.27,22.40629007,10.73350759,0.506223958,13100,1.302911417,1.302911417,0.060402685
171,GE49,Germany,Quillow,Grassland,GRASS-BAGA16,53.334467,13.646029,,,,,,,2.77,1.78,4.55,63.15,19.9,13.7,10.7,,13.71,137100,0.158,1580,495.25,39.7,7.24,3.25,1.88,0.6,519.3,89.31,20.47135752,13.70819241,0.760494792,18800,1.443320762,1.429960407,0.084673748
172,GE52,Germany,Quillow,Grassland,GRASS-BAQU07,53.324188,13.780387,,,,,,,3.49,4.29,7.78,80.53,8.4,8.8,7.08,,10.12,101200,0.104,1040,461.52,14.34,7.99,2.27,1.32,4.2,356.16,61.15,4.769398113,10.11611062,0.620208333,13200,1.267756984,1.212646453,0.045955882
173,GE55,Germany,Quillow,Grassland,GRASS-BAQU10,53.343022,13.789101,,,,,,,2.65,2.74,5.39,83.45,7.6,7.6,6.55,,7.84,78400,0.087,870,510.14,57.02,7.33,1.35,0.78,0.3,313.23,56.19,30.54285621,7.836479726,0.367786458,7800,1.557346942,1.557346942,0.034431582
174,GE58,Germany,Quillow,High,BAAD021,53.350577,13.743945,,,,,,,3.56,2.16,5.72,63.93,22.3,12.2,8.63,,9.85,98500,0.104,1040,347.37,10.31,7.16,1.57,0.91,0.4,282.85,43.61,4.516313415,9.85382221,0.351354167,9100,1.582547545,1.544819663,0.078351712
175,GE61,Germany,Quillow,High,BABJ122,53.364539,13.721519,,,,,,,3.51,2.33,5.84,64.48,20.7,13.1,7.9,,6.83,68300,0.105,1050,459.26,48.6,6.93,1.72,0.99,0.3,270.48,41.5,30.94565332,6.830330748,0.419869792,9900,1.477813487,1.477813487,0.066046733
176,GE64,Germany,Quillow,High,BAGA162,53.336125,13.645535,,,,,,,2.57,1.43,4,59.23,21.3,18.1,9.29,,7.28,72800,0.084,840,575.59,42.61,7.41,1.37,0.8,0.4,294.83,47.38,25.92698961,7.280264649,0.378411458,8000,1.562154328,1.562154328,0.084009994
177,GE67,Germany,Quillow,High,BAQU072,53.323387,13.778924,,,,,,,3.34,1.21,4.55,61.26,20.6,13.4,9.95,,9.38,93800,0.103,1030,469.65,8.4,7.92,4.74,2.75,1.7,363.99,54.91,2.372432711,9.383706753,0.418932292,27500,1.484955582,1.484955582,0.073946958
178,GE70,Germany,Quillow,High,BAQU101,53.343158,13.79236,,,,,,,2.96,1.92,4.88,65.99,19.9,12.6,8.88,,10.02,100200,0.104,1040,527.21,14.02,7.94,1.51,0.87,4.5,387.45,67.59,3.463845604,10.01926376,0.479348958,8700,1.479459311,1.474578044,0.08542024
179,GE73,Germany,Quillow,Low,WHEATexp,53.372768,13.800448,,,,,,,2.8,2.38,5.18,64.81,23.2,10.8,6.91,,1.79,17900,0.076,760,421.92,31.79,7.39,1.19,0.69,0.2,246.69,37.49,27.09198691,1.792372304,0.287682292,6900,1.487813962,1.483833414,0.055125149
180,GE76,Germany,Quillow,Low,WHEATfarm,53.32177,13.793753,,,,,,,2.76,0.94,3.7,59.86,22.3,15.9,12.26,,11.23,112300,0.132,1320,579.73,44.78,7.42,1.94,1.13,0.2,405.1,52.29,30.72346519,11.22793264,0.378333333,11300,1.330787738,1.312134238,0.081261371
181,GE79,Germany,Quillow,Low,TRITIC,53.373274,13.801252,,,,,,,2.64,1.65,4.29,66.77,15.5,16.9,6.42,,5.56,55600,0.064,640,423.92,36.02,6.86,0.83,0.48,0.1,221.96,38.24,17.45553315,5.558753298,0.337786458,4800,1.124741664,1.124741664,0.052336449
182,GE82,Germany,Quillow,Low,RYE,53.372947,13.80056,,,,,,,2.66,1.97,4.63,67.38,14.3,17.5,5.59,,7.23,72300,0.063,630,382.92,23.42,6.91,0.82,0.48,0.1,174.97,31.66,14.32888182,7.228472715,0.2434375,4800,1.468145482,1.455789912,0.070655633
183,GE85,Germany,Quillow,Low,BARL,53.373097,13.800563,,,,,,,2.33,1.29,3.62,65.42,15.6,18.1,6.2,,,,0.051,510,401.79,31.7,6.75,0.88,0.51,0.1,147.87,25.81,16.09560414,2.86247259,0.189244792,5100,1.527482757,1.509385669,0.05193339
184,SW1,Sweden,S?by,High,SeSaH1,59.832631,17.698857,,,,,,,3.14,1.45,4.59,9.3,43.3,43.9,22.74,,8.91,89100,0.23,2300,1005.46,27,5.58,3.52,2.04,0.4,293.18,34.676,7.979473048,8.91076141,0.329791667,20400,1.162139317,1.162139317,0.183610857
185,SW2,Sweden,S?by,High,SeSaH2,59.832631,17.698857,,,,,,,3.6,2.65,6.25,7.7,41.6,46.9,25.95,,9.01,90100,0.254,2540,996.95,21,5.62,3.8,2.2,0.2,276.446,15.858,6.841324617,9.01332691,0.348819444,22000,1.195343807,1.195343807,0.167885347
186,SW3,Sweden,S?by,High,SeSaH3,59.832631,17.698857,,,,,,,2.09,1.67,3.76,27.2,38.5,31.6,18.64,,8.86,88600,0.168,1680,1237.18,74.78,6.34,2.67,1.55,0.3,243.255,37.24,38.88727966,8.862198012,0.369166667,15500,1.231721016,1.231721016,0.149690553
187,SW4,Sweden,S?by,High,SeSaH4,59.832631,17.698857,,,,,,,2.47,1.95,4.42,30.4,39.1,27.8,18.69,,5.89,58900,0.163,1630,1069.07,50.91,6.38,2.72,1.58,0.2,240.452,29.477,31.35739729,5.885096009,0.386354167,15800,1.268911889,1.268911889,0.122158137
188,SW5,Sweden,S?by,High,SeSaH5,59.832631,17.698857,,,,,,,3.94,2.43,6.37,23.4,42.7,31.1,22.82,,6.96,69600,0.183,1830,1219.78,95.63,6.68,2.8,1.62,0.2,272.421,30.868,52.49531065,6.96,0.3659375,16200,1.089817404,1.089817404,0.160012148
189,SW6,Sweden,S?by,High,SeSaH6,59.832631,17.698857,,,,,,,1.66,1.39,3.05,15.8,44.6,37.2,22.24,,6.14,61400,0.169,1690,1175.58,82.53,6.9,2.38,1.38,0.2,239.5,57.983,56.43301498,6.144363084,0.413854167,13800,1.221921172,1.221921172,0.149822332
190,SW7,Sweden,S?by,High,SeSaH7,59.832631,17.698857,,,,,,,2.66,1.87,4.53,19.5,46.8,31,23.79,,6.02,60200,0.178,1780,1143.15,67.99,6.62,2.72,1.58,0.2,290.606,24.74,44.33633302,6.020731527,0.388541667,15800,0.970854676,0.970854676,0.157394413
191,SW8,Sweden,S?by,High,SeSaH8,59.832631,17.698857,,,,,,,3.33,1.37,4.7,28.4,45.1,23.7,18.77,,6.78,67800,0.182,1820,1037.91,45.59,6.67,2.76,1.6,0.2,257.56,33.734,20.32133943,6.777625525,0.341354167,16000,1.277143424,1.277143424,0.160246012
192,SW9,Sweden,S?by,High,SeSaH9,59.832631,17.698857,,,,,,,5.47,1.65,7.12,27.3,43.8,26,23.47,,11.64,116400,0.187,1870,1078.09,42.03,6.67,2.9,1.68,0.1,277.841,43.322,16.2849068,11.64483981,0.503854167,16800,1.228933104,1.228933104,0.148525521
193,SW10,Sweden,S?by,High,SeSaH10,59.832631,17.698857,,,,,,,2.94,0.91,3.85,28.3,42,27.4,18.88,,2.63,26300,0.16,1600,1082.6,59.5,6.94,2.31,1.34,0.1,231.321,44.935,30.6459319,2.627932535,0.328888889,13400,1.289466577,1.289466577,0.130194762
194,SW11,Sweden,S?by,High,SeSaH11,59.832631,17.698857,,,,,,,2.84,1.91,4.75,29.2,44,24.2,19.01,,3.37,33700,0.164,1640,1088.07,75.16,6.85,2.61,1.51,0.1,268.328,36.165,45.78852045,3.371420167,0.356666667,15100,1.379755359,1.379755359,0.133840711
195,SW12,Sweden,S?by,High,SeSaH12,59.832631,17.698857,,,,,,,4.03,2.25,6.28,33.6,42.2,21.5,19.73,,5.21,52100,0.176,1760,1060.11,61.31,6.87,2.69,1.56,0.2,260.569,11.753,30.31573946,5.211045459,0.361041667,15600,1.255405719,1.255405719,0.114292151
196,SW13,Sweden,S?by,Low,SeSaL1,59.832631,17.698857,,,,,,,2.81,1.19,4,30.5,45.3,21.9,19.72,,8.88,88800,0.147,1470,1047.29,63.9,6.54,2.27,1.31,0.1,197.391,19.298,36.63630666,8.876213754,0.262291667,13100,1.388660224,1.388660224,0.201398358
197,SW14,Sweden,S?by,Grassland,SeSaG1,59.832631,17.698857,,,,,,,2.16,1.79,3.95,7.2,40.7,47.1,29.65,,22.08,220800,0.309,3090,979.94,21.3,5.82,5.03,2.92,0.2,544.016,74.897,8.430111466,22.08311619,0.816666667,29200,1.122018584,1.122018584,0.117432232
198,SW15,Sweden,Lanna,High,SeLaH1,58.347769,13.126463,,,,,,,2.22,0.75,2.97,10.1,38.3,48.8,22.58,,7.48,74800,0.165,1650,620.19,14.94,6.47,2.81,1.63,0.2,306.627,37.394,3.383075302,7.476114286,0.352847222,16300,,,0.11
199,SW16,Sweden,Lanna,High,SeLaH2,58.347769,13.126463,,,,,,,1.53,0.68,2.21,11.8,40.5,45.2,19.39,,7.04,70400,0.156,1560,546.93,14.17,6.1,2.5,1.45,0.2,276.302,36.362,1.000608974,7.03815562,0.3175,14500,,,0.06
200,SW17,Sweden,Lanna,High,SeLaH3,58.347769,13.126463,,,,,,,2.7,1.68,4.38,15.6,36.3,44.3,24.69,,18.12,181200,0.236,2360,686.24,13,5.9,3.77,2.19,0.2,461.731,54.595,3.390694841,18.11546392,0.57625,21900,,,0.15
201,SW18,Sweden,Lanna,High,SeLaH4,58.347769,13.126463,,,,,,,1.72,1.17,2.89,15.9,37.7,43.2,21.81,,18.22,182200,0.195,1950,721.35,24,5.96,3.21,1.86,0.2,394.615,53.622,7.862713508,18.22372881,0.50875,18600,,,0.12
202,SW19,Sweden,Lanna,High,SeLaH5,58.347769,13.126463,,,,,,,2.58,1.56,4.14,12.5,38.9,45.4,22.51,,13.01,130100,0.191,1910,767.24,35.11,6.18,3.17,1.84,0.1,382.824,51.749,10.55571175,13.00636364,0.506388889,18400,,,0.14
203,SW20,Sweden,Lanna,High,SeLaH6,58.347769,13.126463,,,,,,,2.39,1.35,3.74,12.2,39.9,45,20.54,,11.72,117200,0.166,1660,636.56,20.28,6.14,2.91,1.69,0.2,413.725,50.383,6.313450604,11.72251521,0.560208333,16900,,,0.05
204,SW21,Sweden,Lanna,High,SeLaH7,58.347769,13.126463,,,,,,,1.96,1.11,3.07,12.9,39.6,44.6,20.3,,14.8,148000,0.171,1710,721.31,33.02,6.16,2.93,1.7,0.1,347.152,47.498,7.049469493,14.83783784,0.5625,17000,,,0.14
205,SW22,Sweden,Lanna,High,SeLaH8,58.347769,13.126463,,,,,,,1.92,1.37,3.29,10.6,40.4,45.8,22.54,,12.73,127300,0.187,1870,696.07,27.08,5.95,3.22,1.87,0.1,377.498,46.617,4.233838631,12.72703088,0.378645833,18700,,,0.12
206,SW23,Sweden,Lanna,High,SeLaH9,58.347769,13.126463,,,,,,,1.79,1.09,2.88,11.6,38.5,46.5,23.69,,14.27,142700,0.193,1930,766.39,22.73,5.93,3.4,1.97,0.1,407.23,49.367,2.705125664,14.27478261,0.494930556,19700,,,0.14
207,SW24,Sweden,Lanna,High,SeLaH10,58.347769,13.126463,,,,,,,1.58,0.52,2.1,8.7,41.2,47.2,,,11.29,112900,0.165,1650,755.48,28.9,6.25,2.95,1.71,0.1,346.003,41.191,7.507425202,11.29333333,0.529166667,17100,,,0.12
208,SW25,Sweden,Lanna,High,SeLaH11,58.347769,13.126463,,,,,,,1.66,0.69,2.35,14.4,40.6,42.6,20.04,,13.39,133900,0.156,1560,744.52,36.6,6.42,2.37,1.38,0.1,387.171,47.712,12.20762002,13.39372197,0.41625,13800,,,0.14
209,SW26,Sweden,Lanna,Low,SeLaL1,58.347769,13.126463,,,,,,,2.46,1.26,3.72,9.7,41,46.2,24.73,,13.5,135000,0.182,1820,589.22,17.09,6.76,3.14,1.82,0.2,350.455,49.808,2.192090563,13.49561254,0.39625,18200,,,0.13
210,SW27,Sweden,Lanna,Grassland,SeLaG1,58.347769,13.126463,,,,,,,2.33,1.31,3.64,9,41.1,45.2,25.85,,23.79,237900,0.259,2590,425.87,20.22,5.89,4.69,2.72,0.2,762.648,98.219,7.147326028,23.78956159,1.23625,27200,,,0.2
211,SW28,Sweden,L?nnstorp,High,SeLoH1,55.66917,13.1027,,,,,,,3.13,1.84,4.97,56.9,18.8,21.9,16.98,,11.44,114400,0.17,1700,494.96,23.56,6.31,2.43,1.41,0.1,295.015,45.389,3.170421752,11.43636941,0.323888889,14100,1.472316294,1.462217963,0.138686131
212,SW29,Sweden,L?nnstorp,Low,SeLoL1,55.66917,13.1027,,,,,,,1.92,2.17,4.09,51.8,21.6,24.8,16.53,,6.52,65200,0.114,1140,491.76,22.07,6.38,1.79,1.04,0.2,170.299,25.65,5.307566045,6.517449408,0.179375,10400,1.553985631,1.521251219,0.137037037
213,SW30,Sweden,L?nnstorp,Grassland,SeLoG1,55.66917,13.1027,,,,,,,3.44,4.85,8.29,53,20.9,22.7,21.25,,20.4,204000,0.219,2190,564.08,32.02,5.63,3.38,1.96,0.2,413.89,82.331,9.449773959,20.39692887,0.490416667,19600,1.21713842,1.170757543,0.316239316
214,SW31,Sweden,R?b?cksdalen,High,SeRoH1,63.81083,20.24199,,,,,,,2.27,2.22,4.49,20.2,59,16.4,15.35,,5.79,57900,0.187,1870,1112.51,38.53,5.4,4.4,2.55,0.2,212.643,29.335,1.179876811,5.788372093,0.349270833,25500,1.059127453,1.059127453,0.31
215,SW32,Sweden,R?b?cksdalen,High,SeRoH2,63.81083,20.24199,,,,,,,2.84,2.14,4.98,31,55.3,9.7,14.26,,4.76,47600,0.168,1680,1151.38,46.87,5.78,3.99,2.31,0.2,241.478,38.256,5.940258836,4.756363636,0.378125,23100,1.149594117,1.149594117,0.29
216,SW33,Sweden,R?b?cksdalen,High,SeRoH3,63.81083,20.24199,,,,,,,2.48,2.26,4.74,31.3,55.3,9.4,14.6,,5.76,57600,0.164,1640,1238.01,47.88,5.91,4.01,2.32,0.2,185.252,26.151,4.173563069,5.76178273,0.2775,23200,1.15046145,1.15046145,0.28
217,SW34,Sweden,R?b?cksdalen,Low,SeRoL1,63.81083,20.24199,,,,,,,1.67,1.27,2.94,32.7,54.3,9.2,14.98,,8.04,80400,0.176,1760,1315.21,51.92,5.59,3.82,2.21,0.1,230.156,31.18,2.015247606,8.042236025,0.406944444,22100,1.092331787,1.092331787,0.3
